timestamp_ms,target_rpm,measured_rpm,error_rpm,control_output,pwm_duty,motor_current,motor_voltage,state,fault_flags,encoder_count,loop_time_us
10,200.0,0.0,200.0,100.0,100.0,1.2,12.0,3,0,0,50.0
20,200.0,92.24598930481282,107.75401069518718,70.04010695187166,70.04010695187166,0.7963812834224601,8.4048128342246,3,0,23,50.0
30,200.0,160.42780748663102,39.572192513368975,41.88502673796791,41.88502673796791,0.42714887887700526,5.026203208556149,3,0,63,50.0
40,200.0,192.5133689839572,7.486631016042793,26.96524064171124,26.96524064171124,0.23232134496697876,3.235828877005349,3,0,111,50.0
50,200.0,208.5561497326203,-8.556149732620298,17.66042780748665,17.66042780748665,0.11307980733979213,2.119251336898398,3,0,163,50.0
60,200.0,216.57754010695186,-16.577540106951858,11.16310160427809,11.16310160427809,0.032509067231028775,1.3395721925133708,3,0,217,50.0
70,200.0,212.5668449197861,-12.566844919786092,11.28342245989306,11.28342245989306,0.03466526331595794,1.3540106951871673,3,0,270,50.0
80,200.0,212.5668449197861,-12.566844919786092,9.398395721925146,9.398395721925146,0.012655715420101844,1.1278074866310175,3,0,323,50.0
90,200.0,208.5561497326203,-8.556149732620298,10.120320855614999,10.120320855614999,0.02280876121472596,1.2144385026737998,3,0,375,50.0
100,200.0,208.5561497326203,-8.556149732620298,8.836898395721954,8.836898395721954,0.0084566386478661,1.0604278074866345,3,0,427,50.0
110,200.0,204.54545454545453,-4.5454545454545325,10.160427807486657,10.160427807486657,0.025948220565819913,1.2192513368983988,3,0,478,50.0
120,200.0,200.53475935828874,-0.5347593582887384,12.085561497326244,12.085561497326244,0.04991846017345965,1.4502673796791492,3,0,528,50.0
130,200.0,204.54545454545453,-4.5454545454545325,9.398395721925167,9.398395721925167,0.01755293878751073,1.1278074866310202,3,0,579,50.0
140,200.0,196.524064171123,3.475935828876999,13.930481283422482,13.930481283422482,0.07313162770209616,1.671657754010698,3,0,628,50.0
150,200.0,204.54545454545453,-4.5454545454545325,9.237967914438537,9.237967914438537,0.01574031930633337,1.1085561497326244,3,0,679,50.0
160,200.0,196.524064171123,3.475935828876999,13.770053475935851,13.770053475935851,0.07139016902573322,1.652406417112302,3,0,728,50.0
170,200.0,204.54545454545453,-4.5454545454545325,9.077540106951906,9.077540106951906,0.014065716206093615,1.0893048128342286,3,0,779,50.0
180,200.0,196.524064171123,3.475935828876999,13.60962566844922,13.60962566844922,0.0697783767392612,1.6331550802139065,3,0,828,50.0
190,200.0,200.53475935828874,-0.5347593582887384,11.524064171123042,11.524064171123042,0.04379635713904956,1.382887700534765,3,0,878,50.0
200,200.0,200.53475935828874,-0.5347593582887384,11.443850267379732,11.443850267379732,0.042949886088286884,1.373262032085568,3,0,928,50.0
210,200.0,200.53475935828874,-0.5347593582887384,11.363636363636422,11.363636363636422,0.042135375199196926,1.3636363636363706,3,0,978,50.0
220,200.0,200.53475935828874,-0.5347593582887384,11.283422459893112,11.283422459893112,0.04135089088199854,1.3540106951871735,3,0,1028,50.0
230,200.0,196.524064171123,3.475935828876999,13.81016042780753,13.81016042780753,0.071878038988985,1.6572192513369037,3,0,1077,50.0
240,200.0,200.53475935828874,-0.5347593582887384,11.724598930481351,11.724598930481351,0.04581711816491104,1.406951871657762,3,0,1127,50.0
250,200.0,204.54545454545453,-4.5454545454545325,9.037433155080274,9.037433155080274,0.013613096954436521,1.0844919786096328,3,0,1178,50.0
260,200.0,196.524064171123,3.475935828876999,13.569518716577589,13.569518716577589,0.06934351528388016,1.6283422459893107,3,0,1227,50.0
270,200.0,200.53475935828874,-0.5347593582887384,11.48395721925141,11.48395721925141,0.04337817913326988,1.3780748663101692,3,0,1277,50.0
280,200.0,200.53475935828874,-0.5347593582887384,11.4037433155081,11.4037433155081,0.04254738218340768,1.368449197860972,3,0,1327,50.0
290,200.0,200.53475935828874,-0.5347593582887384,11.32352941176479,11.32352941176479,0.041747597112113746,1.358823529411775,3,0,1377,50.0
300,200.0,196.524064171123,3.475935828876999,13.850267379679208,13.850267379679208,0.0722603701606274,1.662032085561505,3,0,1426,50.0
310,200.0,204.54545454545453,-4.5454545454545325,9.157754010695262,9.157754010695262,0.014902521509225119,1.0989304812834315,3,0,1477,50.0
320,200.0,196.524064171123,3.475935828876999,13.689839572192577,13.689839572192577,0.07058380665845165,1.6427807486631094,3,0,1526,50.0
330,200.0,200.53475935828874,-0.5347593582887384,11.604278074866398,11.604278074866398,0.044572309885027375,1.3925133689839677,3,0,1576,50.0
340,200.0,200.53475935828874,-0.5347593582887384,11.524064171123088,11.524064171123088,0.04369814503003144,1.3828877005347706,3,0,1626,50.0
350,200.0,200.53475935828874,-0.5347593582887384,11.443850267379778,11.443850267379778,0.042857615811864355,1.3732620320855733,3,0,1676,50.0
360,200.0,200.53475935828874,-0.5347593582887384,11.363636363636468,11.363636363636468,0.042048687274497995,1.3636363636363762,3,0,1726,50.0
370,200.0,200.53475935828874,-0.5347593582887384,11.283422459893158,11.283422459893158,0.04126944757674391,1.354010695187179,3,0,1776,50.0
380,200.0,200.53475935828874,-0.5347593582887384,11.203208556149848,11.203208556149848,0.04051810054380552,1.3443850267379818,3,0,1826,50.0
390,200.0,196.524064171123,3.475935828876999,13.729946524064266,13.729946524064266,0.07107638112935427,1.647593582887712,3,0,1875,50.0
400,200.0,200.53475935828874,-0.5347593582887384,11.644385026738087,11.644385026738087,0.04504470926888961,1.3973262032085705,3,0,1925,50.0
410,200.0,204.54545454545453,-4.5454545454545325,8.95721925133701,8.95721925133701,0.012868167459725998,1.0748663101604412,3,0,1976,50.0
420,200.0,196.524064171123,3.475935828876999,13.489304812834325,13.489304812834325,0.06862440268670124,1.6187165775401189,3,0,2025,50.0
430,200.0,200.53475935828874,-0.5347593582887384,11.403743315508146,11.403743315508146,0.04268332151132191,1.3684491978609776,3,0,2075,50.0
440,200.0,196.524064171123,3.475935828876999,13.930481283422564,13.930481283422564,0.07315873457058189,1.6716577540107076,3,0,2124,50.0
450,200.0,204.54545454545453,-4.5454545454545325,9.237967914438618,9.237967914438618,0.015765786209275778,1.1085561497326344,3,0,2175,50.0
460,200.0,196.524064171123,3.475935828876999,13.770053475935933,13.770053475935933,0.07141409518104762,1.652406417112312,3,0,2224,50.0
470,200.0,204.54545454545453,-4.5454545454545325,9.077540106951988,9.077540106951988,0.014088194829011535,1.0893048128342386,3,0,2275,50.0
480,200.0,196.524064171123,3.475935828876999,13.609625668449302,13.609625668449302,0.06979949540549257,1.6331550802139163,3,0,2324,50.0
490,200.0,200.53475935828874,-0.5347593582887384,11.524064171123124,11.524064171123124,0.04381619812597396,1.3828877005347748,3,0,2374,50.0
500,200.0,200.53475935828874,-0.5347593582887384,11.443850267379814,11.443850267379814,0.04296852669550237,1.3732620320855777,3,0,2424,50.0
510,200.0,200.53475935828874,-0.5347593582887384,11.363636363636504,11.363636363636504,0.04215288804967591,1.3636363636363804,3,0,2474,50.0
520,200.0,200.53475935828874,-0.5347593582887384,11.283422459893194,11.283422459893194,0.04136734420502356,1.3540106951871833,3,0,2524,50.0
530,200.0,196.524064171123,3.475935828876999,13.810160427807611,13.810160427807611,0.071893496885967,1.6572192513369133,3,0,2573,50.0
540,200.0,200.53475935828874,-0.5347593582887384,11.724598930481433,11.724598930481433,0.045831640859125666,1.4069518716577718,3,0,2623,50.0
550,200.0,204.54545454545453,-4.5454545454545325,9.037433155080356,9.037433155080356,0.013626741025651212,1.0844919786096427,3,0,2674,50.0
560,200.0,196.524064171123,3.475935828876999,13.56951871657767,13.56951871657767,0.06935633388878636,1.6283422459893204,3,0,2723,50.0
570,200.0,200.53475935828874,-0.5347593582887384,11.483957219251492,11.483957219251492,0.04339022221257928,1.378074866310179,3,0,2773,50.0
580,200.0,200.53475935828874,-0.5347593582887384,11.403743315508182,11.403743315508182,0.04255869665641889,1.3684491978609818,3,0,2823,50.0
590,200.0,200.53475935828874,-0.5347593582887384,11.323529411764872,11.323529411764872,0.04175822705950779,1.3588235294117845,3,0,2873,50.0
600,200.0,196.524064171123,3.475935828876999,13.85026737967929,13.85026737967929,0.07227035699620414,1.6620320855615147,3,0,2922,50.0
610,200.0,204.54545454545453,-4.5454545454545325,9.157754010695344,9.157754010695344,0.014911904141249488,1.0989304812834413,3,0,2973,50.0
620,200.0,196.524064171123,3.475935828876999,13.689839572192659,13.689839572192659,0.07059262164123854,1.642780748663119,3,0,3022,50.0
630,200.0,200.53475935828874,-0.5347593582887384,11.60427807486648,11.60427807486648,0.04458059156135571,1.3925133689839775,3,0,3072,50.0
640,200.0,200.53475935828874,-0.5347593582887384,11.52406417112317,11.52406417112317,0.043705925664941934,1.3828877005347804,3,0,3122,50.0
650,200.0,200.53475935828874,-0.5347593582887384,11.44385026737986,11.44385026737986,0.04286492571836277,1.373262032085583,3,0,3172,50.0
660,200.0,200.53475935828874,-0.5347593582887384,11.36363636363655,11.36363636363655,0.042055554931653284,1.363636363636386,3,0,3222,50.0
670,200.0,200.53475935828874,-0.5347593582887384,11.28342245989324,11.28342245989324,0.04127589974064132,1.3540106951871889,3,0,3272,50.0
680,200.0,200.53475935828874,-0.5347593582887384,11.20320855614993,11.20320855614993,0.040524162351787164,1.3443850267379915,3,0,3322,50.0
690,200.0,196.524064171123,3.475935828876999,13.729946524064347,13.729946524064347,0.07108207619795305,1.6475935828877217,3,0,3371,50.0
700,200.0,200.53475935828874,-0.5347593582887384,11.644385026738169,11.644385026738169,0.04505005978583818,1.3973262032085803,3,0,3421,50.0
710,200.0,200.53475935828874,-0.5347593582887384,11.564171122994859,11.564171122994859,0.044156616730292406,1.387700534759383,3,0,3471,50.0
720,200.0,200.53475935828874,-0.5347593582887384,11.483957219251549,11.483957219251549,0.043297975642708764,1.3780748663101858,3,0,3521,50.0
730,200.0,200.53475935828874,-0.5347593582887384,11.403743315508239,11.403743315508239,0.04247203100402554,1.3684491978609885,3,0,3571,50.0
740,200.0,200.53475935828874,-0.5347593582887384,11.323529411764929,11.323529411764929,0.04167680467908426,1.3588235294117914,3,0,3621,50.0
750,200.0,200.53475935828874,-0.5347593582887384,11.243315508021618,11.243315508021618,0.04091043820990352,1.3491978609625943,3,0,3671,50.0
760,200.0,200.53475935828874,-0.5347593582887384,11.163101604278308,11.163101604278308,0.04017118557520981,1.339572192513397,3,0,3721,50.0
770,200.0,196.524064171123,3.475935828876999,13.689839572192726,13.689839572192726,0.07074082884790943,1.6427807486631272,3,0,3770,50.0
780,200.0,200.53475935828874,-0.5347593582887384,11.604278074866547,11.604278074866547,0.04471983223202303,1.3925133689839857,3,0,3820,50.0
790,200.0,200.53475935828874,-0.5347593582887384,11.524064171123237,11.524064171123237,0.04383674227503387,1.3828877005347884,3,0,3870,50.0
800,200.0,200.53475935828874,-0.5347593582887384,11.443850267379927,11.443850267379927,0.042987827923544185,1.3732620320855913,3,0,3920,50.0
810,200.0,200.53475935828874,-0.5347593582887384,11.363636363636617,11.363636363636617,0.04217102155342121,1.363636363636394,3,0,3970,50.0
820,200.0,200.53475935828874,-0.5347593582887384,11.283422459893307,11.283422459893307,0.041384380631792304,1.3540106951871969,3,0,4020,50.0
830,200.0,196.524064171123,3.475935828876999,13.810160427807725,13.810160427807725,0.07190950260891625,1.6572192513369268,3,0,4069,50.0
840,200.0,200.53475935828874,-0.5347593582887384,11.724598930481546,11.724598930481546,0.04584667823583656,1.4069518716577856,3,0,4119,50.0
850,200.0,204.54545454545453,-4.5454545454545325,9.03743315508047,9.03743315508047,0.01364086864107108,1.0844919786096563,3,0,4170,50.0
860,200.0,196.524064171123,3.475935828876999,13.569518716577784,13.569518716577784,0.06936960678347337,1.628342245989334,3,0,4219,50.0
870,200.0,200.53475935828874,-0.5347593582887384,11.483957219251606,11.483957219251606,0.04340269209713778,1.3780748663101927,3,0,4269,50.0
880,200.0,200.53475935828874,-0.5347593582887384,11.403743315508295,11.403743315508295,0.0425704121129616,1.3684491978609954,3,0,4319,50.0
890,200.0,200.53475935828874,-0.5347593582887384,11.323529411764985,11.323529411764985,0.04176923373092967,1.358823529411798,3,0,4369,50.0
900,200.0,196.524064171123,3.475935828876999,13.850267379679403,13.850267379679403,0.07228069776400506,1.6620320855615285,3,0,4418,50.0
910,200.0,204.54545454545453,-4.5454545454545325,9.157754010695458,9.157754010695458,0.014921619292598443,1.0989304812834548,3,0,4469,50.0
920,200.0,196.524064171123,3.475935828876999,13.689839572192772,13.689839572192772,0.07060174902593093,1.6427807486631325,3,0,4518,50.0
930,200.0,200.53475935828874,-0.5347593582887384,11.604278074866594,11.604278074866594,0.04458916673927423,1.3925133689839913,3,0,4568,50.0
940,200.0,200.53475935828874,-0.5347593582887384,11.524064171123284,11.524064171123284,0.04371398204459642,1.3828877005347942,3,0,4618,50.0
950,200.0,200.53475935828874,-0.5347593582887384,11.443850267379974,11.443850267379974,0.0428724946870482,1.3732620320855968,3,0,4668,50.0
960,200.0,200.53475935828874,-0.5347593582887384,11.363636363636664,11.363636363636664,0.04206266597773324,1.3636363636363995,3,0,4718,50.0
970,200.0,200.53475935828874,-0.5347593582887384,11.283422459893353,11.283422459893353,0.041282580568433466,1.3540106951872024,3,0,4768,50.0
980,200.0,200.53475935828874,-0.5347593582887384,11.203208556150043,11.203208556150043,0.04053043898949791,1.344385026738005,3,0,4818,50.0
990,200.0,196.524064171123,3.475935828876999,13.729946524064461,13.729946524064461,0.07108797309908234,1.6475935828877355,3,0,4867,50.0
1000,200.0,200.53475935828874,-0.5347593582887384,11.644385026738282,11.644385026738282,0.04505559992444917,1.397326203208594,3,0,4917,50.0
1010,200.0,200.53475935828874,-0.5347593582887384,11.564171122994972,11.564171122994972,0.04416182169051745,1.3877005347593967,3,0,4967,50.0
1020,200.0,200.53475935828874,-0.5347593582887384,11.483957219251662,11.483957219251662,0.04330286570284023,1.3780748663101996,3,0,5017,50.0
1030,200.0,200.53475935828874,-0.5347593582887384,11.403743315508352,11.403743315508352,0.04247662521551907,1.3684491978610023,3,0,5067,50.0
1040,200.0,200.53475935828874,-0.5347593582887384,11.323529411765042,11.323529411765042,0.04168112094078245,1.358823529411805,3,0,5117,50.0
1050,200.0,200.53475935828874,-0.5347593582887384,11.243315508021732,11.243315508021732,0.040914493337768996,1.3491978609626079,3,0,5167,50.0
1060,200.0,196.524064171123,3.475935828876999,13.77005347593615,13.77005347593615,0.07145841782773221,1.652406417112338,3,0,5216,50.0
1070,200.0,204.54545454545453,-4.5454545454545325,9.077540106952204,9.077540106952204,0.014129835955571745,1.0893048128342646,3,0,5267,50.0
1080,200.0,196.524064171123,3.475935828876999,13.60962566844952,13.60962566844952,0.06983861724389592,1.633155080213942,3,0,5316,50.0
1090,200.0,200.53475935828874,-0.5347593582887384,11.52406417112334,11.52406417112334,0.04385295309315401,1.382887700534801,3,0,5366,50.0
1100,200.0,200.53475935828874,-0.5347593582887384,11.44385026738003,11.44385026738003,0.04300305798716806,1.3732620320856037,3,0,5416,50.0
1110,200.0,200.53475935828874,-0.5347593582887384,11.36363636363672,11.36363636363672,0.04218533019819587,1.3636363636364064,3,0,5466,50.0
1120,200.0,200.53475935828874,-0.5347593582887384,11.28342245989341,11.28342245989341,0.041397823603558113,1.3540106951872093,3,0,5516,50.0
1130,200.0,196.524064171123,3.475935828876999,13.810160427807828,13.810160427807828,0.07192213228089027,1.6572192513369393,3,0,5565,50.0
1140,200.0,200.53475935828874,-0.5347593582887384,11.72459893048165,11.72459893048165,0.04585854381265615,1.406951871657798,3,0,5615,50.0
1150,200.0,200.53475935828874,-0.5347593582887384,11.64438502673834,11.64438502673834,0.04493543881038632,1.3973262032086007,3,0,5665,50.0
1160,200.0,204.54545454545453,-4.5454545454545325,8.957219251337262,8.957219251337262,0.012765507863962222,1.0748663101604714,3,0,5716,50.0
1170,200.0,196.524064171123,3.475935828876999,13.489304812834577,13.489304812834577,0.06852795399648123,1.618716577540149,3,0,5765,50.0
1180,200.0,200.53475935828874,-0.5347593582887384,11.403743315508398,11.403743315508398,0.04259270796686028,1.3684491978610078,3,0,5815,50.0
1190,200.0,200.53475935828874,-0.5347593582887384,11.323529411765088,11.323529411765088,0.04179018068566755,1.3588235294118107,3,0,5865,50.0
1200,200.0,196.524064171123,3.475935828876999,13.850267379679506,13.850267379679506,0.0723003774279813,1.662032085561541,3,0,5914,50.0
1210,200.0,204.54545454545453,-4.5454545454545325,9.15775401069556,9.15775401069556,0.014940108336904134,1.0989304812834673,3,0,5965,50.0
1220,200.0,196.524064171123,3.475935828876999,13.689839572192875,13.689839572192875,0.07061911948305613,1.642780748663145,3,0,6014,50.0
1230,200.0,200.53475935828874,-0.5347593582887384,11.604278074866697,11.604278074866697,0.044605486283743404,1.3925133689840037,3,0,6064,50.0
1240,200.0,200.53475935828874,-0.5347593582887384,11.524064171123387,11.524064171123387,0.0437293142566252,1.3828877005348064,3,0,6114,50.0
1250,200.0,200.53475935828874,-0.5347593582887384,11.443850267380077,11.443850267380077,0.04288689930024928,1.3732620320856093,3,0,6164,50.0
1260,200.0,200.53475935828874,-0.5347593582887384,11.363636363636767,11.363636363636767,0.04207619911183571,1.3636363636364122,3,0,6214,50.0
1270,200.0,200.53475935828874,-0.5347593582887384,11.283422459893456,11.283422459893456,0.04129529494792274,1.3540106951872148,3,0,6264,50.0
1280,200.0,200.53475935828874,-0.5347593582887384,11.203208556150146,11.203208556150146,0.040542384149028096,1.3443850267380175,3,0,6314,50.0
1290,200.0,196.524064171123,3.475935828876999,13.729946524064564,13.729946524064564,0.07109919557646098,1.647593582887748,3,0,6363,50.0
1300,200.0,200.53475935828874,-0.5347593582887384,11.644385026738385,11.644385026738385,0.04506614344194643,1.3973262032086062,3,0,6413,50.0
1310,200.0,200.53475935828874,-0.5347593582887384,11.564171122995075,11.564171122995075,0.044171727325206175,1.3877005347594091,3,0,6463,50.0
1320,200.0,200.53475935828874,-0.5347593582887384,11.483957219251765,11.483957219251765,0.04331217204663028,1.3780748663102118,3,0,6513,50.0
1330,200.0,200.53475935828874,-0.5347593582887384,11.403743315508455,11.403743315508455,0.04248536852550986,1.3684491978610147,3,0,6563,50.0
1340,200.0,200.53475935828874,-0.5347593582887384,11.323529411765145,11.323529411765145,0.041689335280518845,1.3588235294118176,3,0,6613,50.0
1350,200.0,200.53475935828874,-0.5347593582887384,11.243315508021835,11.243315508021835,0.040922210709951355,1.3491978609626203,3,0,6663,50.0
1360,200.0,196.524064171123,3.475935828876999,13.770053475936253,13.770053475936253,0.07146566829889756,1.6524064171123505,3,0,6712,50.0
1370,200.0,204.54545454545453,-4.5454545454545325,9.077540106952307,9.077540106952307,0.014136647773231592,1.0893048128342768,3,0,6763,50.0
1380,200.0,196.524064171123,3.475935828876999,13.609625668449622,13.609625668449622,0.0698450169465874,1.6331550802139545,3,0,6812,50.0
1390,200.0,200.53475935828874,-0.5347593582887384,11.524064171123444,11.524064171123444,0.043858965613832644,1.3828877005348132,3,0,6862,50.0
1400,200.0,200.53475935828874,-0.5347593582887384,11.443850267380133,11.443850267380133,0.04300870675034567,1.373262032085616,3,0,6912,50.0
1410,200.0,200.53475935828874,-0.5347593582887384,11.363636363636823,11.363636363636823,0.04219063721120127,1.3636363636364188,3,0,6962,50.0
1420,200.0,196.524064171123,3.475935828876999,13.890374331551241,13.890374331551241,0.07268623200216943,1.666844919786149,3,0,7011,50.0
1430,200.0,204.54545454545453,-4.5454545454545325,9.197860962567296,9.197860962567296,0.015312244377803142,1.1037433155080756,3,0,7062,50.0
1440,200.0,196.524064171123,3.475935828876999,13.72994652406461,13.72994652406461,0.07097836696192997,1.6475935828877533,3,0,7111,50.0
1450,200.0,200.53475935828874,-0.5347593582887384,11.644385026738432,11.644385026738432,0.04495262495859457,1.3973262032086118,3,0,7161,50.0
1460,200.0,204.54545454545453,-4.5454545454545325,8.957219251337355,8.957219251337355,0.012781654250203889,1.0748663101604825,3,0,7212,50.0
1470,200.0,196.524064171123,3.475935828876999,13.48930481283467,13.48930481283467,0.0685431235263553,1.6187165775401602,3,0,7261,50.0
1480,200.0,200.53475935828874,-0.5347593582887384,11.40374331550849,11.40374331550849,0.04260695974017699,1.368449197861019,3,0,7311,50.0
1490,200.0,200.53475935828874,-0.5347593582887384,11.32352941176518,11.32352941176518,0.04180357022669858,1.3588235294118216,3,0,7361,50.0
1500,200.0,196.524064171123,3.475935828876999,13.850267379679599,13.850267379679599,0.07231295690178,1.6620320855615518,3,0,7410,50.0
1510,200.0,200.53475935828874,-0.5347593582887384,11.76470588235342,11.76470588235342,0.046235349212431255,1.4117647058824103,3,0,7460,50.0
1520,200.0,204.54545454545453,-4.5454545454545325,9.077540106952343,9.077540106952343,0.01401565069203108,1.0893048128342813,3,0,7511,50.0
1530,200.0,196.524064171123,3.475935828876999,13.609625668449658,13.609625668449658,0.06973134018879953,1.633155080213959,3,0,7560,50.0
1540,200.0,200.53475935828874,-0.5347593582887384,11.524064171123479,11.524064171123479,0.04375216629989094,1.3828877005348175,3,0,7610,50.0
1550,200.0,200.53475935828874,-0.5347593582887384,11.443850267380169,11.443850267380169,0.042908368794897456,1.3732620320856204,3,0,7660,50.0
1560,200.0,200.53475935828874,-0.5347593582887384,11.363636363636859,11.363636363636859,0.04209636970205768,1.363636363636423,3,0,7710,50.0
1570,200.0,200.53475935828874,-0.5347593582887384,11.283422459893549,11.283422459893549,0.04131424521743632,1.354010695187226,3,0,7760,50.0
1580,200.0,200.53475935828874,-0.5347593582887384,11.203208556150239,11.203208556150239,0.040560187927236147,1.3443850267380286,3,0,7810,50.0
1590,200.0,196.524064171123,3.475935828876999,13.729946524064657,13.729946524064657,0.07111592222608744,1.6475935828877588,3,0,7859,50.0
1600,200.0,200.53475935828874,-0.5347593582887384,11.644385026738478,11.644385026738478,0.04508185812927051,1.3973262032086173,3,0,7909,50.0
1610,200.0,200.53475935828874,-0.5347593582887384,11.564171122995168,11.564171122995168,0.04418649127394714,1.38770053475942,3,0,7959,50.0
1620,200.0,200.53475935828874,-0.5347593582887384,11.483957219251858,11.483957219251858,0.04332604277647247,1.378074866310223,3,0,8009,50.0
1630,200.0,200.53475935828874,-0.5347593582887384,11.403743315508548,11.403743315508548,0.04249840007619663,1.3684491978610258,3,0,8059,50.0
1640,200.0,200.53475935828874,-0.5347593582887384,11.323529411765238,11.323529411765238,0.04170157842238905,1.3588235294118285,3,0,8109,50.0
1650,200.0,200.53475935828874,-0.5347593582887384,11.243315508021928,11.243315508021928,0.04093371314173846,1.3491978609626314,3,0,8159,50.0
1660,200.0,196.524064171123,3.475935828876999,13.770053475936345,13.770053475936345,0.07147647483356154,1.6524064171123614,3,0,8208,50.0
1670,200.0,200.53475935828874,-0.5347593582887384,11.684491978610167,11.684491978610167,0.04543022297244163,1.4021390374332199,3,0,8258,50.0
1680,200.0,204.54545454545453,-4.5454545454545325,8.99732620320909,8.99732620320909,0.013239983252662447,1.0796791443850908,3,0,8309,50.0
1690,200.0,196.524064171123,3.475935828876999,13.529411764706404,13.529411764706404,0.06898334929261432,1.6235294117647685,3,0,8358,50.0
1700,200.0,200.53475935828874,-0.5347593582887384,11.443850267380226,11.443850267380226,0.04303017751602654,1.373262032085627,3,0,8408,50.0
1710,200.0,200.53475935828874,-0.5347593582887384,11.363636363636916,11.363636363636916,0.04221080899555848,1.36363636363643,3,0,8458,50.0
1720,200.0,196.524064171123,3.475935828876999,13.890374331551333,13.890374331551333,0.07270518339357306,1.66684491978616,3,0,8507,50.0
1730,200.0,204.54545454545453,-4.5454545454545325,9.197860962567388,9.197860962567388,0.015330049210026874,1.1037433155080865,3,0,8558,50.0
1740,200.0,196.524064171123,3.475935828876999,13.729946524064703,13.729946524064703,0.07099509460180421,1.6475935828877644,3,0,8607,50.0
1750,200.0,200.53475935828874,-0.5347593582887384,11.644385026738524,11.644385026738524,0.04496834057625644,1.3973262032086229,3,0,8657,50.0
1760,200.0,204.54545454545453,-4.5454545454545325,8.957219251337447,8.957219251337447,0.012796419072997268,1.0748663101604938,3,0,8708,50.0
1770,200.0,196.524064171123,3.475935828876999,13.489304812834762,13.489304812834762,0.0685569950773697,1.6187165775401715,3,0,8757,50.0
1780,200.0,200.53475935828874,-0.5347593582887384,11.403743315508583,11.403743315508583,0.042619992062355005,1.3684491978610298,3,0,8807,50.0
1790,200.0,200.53475935828874,-0.5347593582887384,11.323529411765273,11.323529411765273,0.041815814093384876,1.3588235294118327,3,0,8857,50.0
1800,200.0,196.524064171123,3.475935828876999,13.850267379679691,13.850267379679691,0.07232446001453174,1.6620320855615627,3,0,8906,50.0
1810,200.0,200.53475935828874,-0.5347593582887384,11.764705882353512,11.764705882353512,0.0462461563868616,1.4117647058824216,3,0,8956,50.0
1820,200.0,204.54545454545453,-4.5454545454545325,9.077540106952435,9.077540106952435,0.014025804032408374,1.0893048128342921,3,0,9007,50.0
1830,200.0,196.524064171123,3.475935828876999,13.60962566844975,13.60962566844975,0.06974087925208404,1.63315508021397,3,0,9056,50.0
1840,200.0,200.53475935828874,-0.5347593582887384,11.524064171123571,11.524064171123571,0.04376112824984675,1.3828877005348286,3,0,9106,50.0
1850,200.0,200.53475935828874,-0.5347593582887384,11.443850267380261,11.443850267380261,0.04291678854688095,1.3732620320856312,3,0,9156,50.0
1860,200.0,200.53475935828874,-0.5347593582887384,11.363636363636951,11.363636363636951,0.04210428005904619,1.3636363636364341,3,0,9206,50.0
1870,200.0,200.53475935828874,-0.5347593582887384,11.283422459893641,11.283422459893641,0.04132167699782704,1.3540106951872368,3,0,9256,50.0
1880,200.0,196.524064171123,3.475935828876999,13.810160427808059,13.810160427808059,0.07185059254480602,1.6572192513369672,3,0,9305,50.0
1890,200.0,204.54545454545453,-4.5454545454545325,9.117647058824113,9.117647058824113,0.014507909770711824,1.0941176470588936,3,0,9356,50.0
1900,200.0,196.524064171123,3.475935828876999,13.649732620321428,13.649732620321428,0.07020344326166932,1.6379679144385713,3,0,9405,50.0
1910,200.0,200.53475935828874,-0.5347593582887384,11.56417112299525,11.56417112299525,0.044205332805301346,1.38770053475943,3,0,9455,50.0
1920,200.0,200.53475935828874,-0.5347593582887384,11.48395721925194,11.48395721925194,0.04334374439517974,1.3780748663102327,3,0,9505,50.0
1930,200.0,200.53475935828874,-0.5347593582887384,11.40374331550863,11.40374331550863,0.04251503074697212,1.3684491978610356,3,0,9555,50.0
1940,200.0,200.53475935828874,-0.5347593582887384,11.32352941176532,11.32352941176532,0.041717202937582645,1.3588235294118383,3,0,9605,50.0
1950,200.0,200.53475935828874,-0.5347593582887384,11.24331550802201,11.24331550802201,0.04094839237376283,1.349197860962641,3,0,9655,50.0
1960,200.0,196.524064171123,3.475935828876999,13.770053475936427,13.770053475936427,0.07149026597204851,1.6524064171123714,3,0,9704,50.0
1970,200.0,200.53475935828874,-0.5347593582887384,11.684491978610248,11.684491978610248,0.04544317974705016,1.4021390374332299,3,0,9754,50.0
1980,200.0,204.54545454545453,-4.5454545454545325,8.997326203209171,8.997326203209171,0.013252156142407157,1.0796791443851006,3,0,9805,50.0
1990,200.0,196.524064171123,3.475935828876999,13.529411764706486,13.529411764706486,0.0689947857225295,1.6235294117647783,3,0,9854,50.0
2000,200.0,200.53475935828874,-0.5347593582887384,11.443850267380308,11.443850267380308,0.0430409220419319,1.373262032085637,3,0,9904,50.0
2010,200.0,200.53475935828874,-0.5347593582887384,11.363636363636997,11.363636363636997,0.04222090347764655,1.3636363636364397,3,0,9954,50.0
2020,200.0,196.524064171123,3.475935828876999,13.890374331551415,13.890374331551415,0.07271466715949483,1.6668449197861697,3,0,10003,50.0
2030,200.0,204.54545454545453,-4.5454545454545325,9.19786096256747,9.19786096256747,0.015338959208110393,1.1037433155080962,3,0,10054,50.0
2040,200.0,196.524064171123,3.475935828876999,13.729946524064784,13.729946524064784,0.0710034655450037,1.6475935828877741,3,0,10103,50.0
2050,200.0,200.53475935828874,-0.5347593582887384,11.644385026738606,11.644385026738606,0.04497620507739238,1.3973262032086327,3,0,10153,50.0
2060,200.0,200.53475935828874,-0.5347593582887384,11.564171122995296,11.564171122995296,0.0440872302317077,1.3877005347594356,3,0,10203,50.0
2070,200.0,200.53475935828874,-0.5347593582887384,11.483957219251986,11.483957219251986,0.04323278702728854,1.3780748663102385,3,0,10253,50.0
2080,200.0,200.53475935828874,-0.5347593582887384,11.403743315508676,11.403743315508676,0.042410786299838334,1.3684491978610411,3,0,10303,50.0
2090,200.0,200.53475935828874,-0.5347593582887384,11.323529411765366,11.323529411765366,0.04161926527950046,1.3588235294118438,3,0,10353,50.0
2100,200.0,200.53475935828874,-0.5347593582887384,11.243315508022055,11.243315508022055,0.040856379943994645,1.3491978609626467,3,0,10403,50.0
2110,200.0,200.53475935828874,-0.5347593582887384,11.163101604278745,11.163101604278745,0.040120397834388546,1.3395721925134494,3,0,10453,50.0
2120,200.0,196.524064171123,3.475935828876999,13.689839572193163,13.689839572193163,0.07069311376540795,1.6427807486631796,3,0,10502,50.0
2130,200.0,200.53475935828874,-0.5347593582887384,11.604278074866984,11.604278074866984,0.04467500391201297,1.392513368984038,3,0,10552,50.0
2140,200.0,200.53475935828874,-0.5347593582887384,11.524064171123674,11.524064171123674,0.04379462606838456,1.382887700534841,3,0,10602,50.0
2150,200.0,200.53475935828874,-0.5347593582887384,11.443850267380364,11.443850267380364,0.04294825974739726,1.373262032085644,3,0,10652,50.0
2160,200.0,200.53475935828874,-0.5347593582887384,11.363636363637054,11.363636363637054,0.042133847251931277,1.3636363636364466,3,0,10702,50.0
2170,200.0,200.53475935828874,-0.5347593582887384,11.283422459893744,11.283422459893744,0.0413494553755426,1.3540106951872493,3,0,10752,50.0
2180,200.0,200.53475935828874,-0.5347593582887384,11.203208556150434,11.203208556150434,0.04059326787077707,1.3443850267380522,3,0,10802,50.0
2190,200.0,196.524064171123,3.475935828876999,13.729946524064852,13.729946524064852,0.07114700083304416,1.6475935828877821,3,0,10851,50.0
2200,200.0,200.53475935828874,-0.5347593582887384,11.644385026738673,11.644385026738673,0.04511105648050643,1.3973262032086409,3,0,10901,50.0
2210,200.0,200.53475935828874,-0.5347593582887384,11.564171122995363,11.564171122995363,0.04421392312493333,1.3877005347594435,3,0,10951,50.0
2220,200.0,200.53475935828874,-0.5347593582887384,11.483957219252053,11.483957219252053,0.04335181500047404,1.3780748663102464,3,0,11001,50.0
2230,200.0,200.53475935828874,-0.5347593582887384,11.403743315508743,11.403743315508743,0.04252261308064614,1.3684491978610493,3,0,11051,50.0
2240,200.0,200.53475935828874,-0.5347593582887384,11.323529411765433,11.323529411765433,0.041724326540069426,1.358823529411852,3,0,11101,50.0
2250,200.0,200.53475935828874,-0.5347593582887384,11.243315508022123,11.243315508022123,0.040955084998299196,1.3491978609626547,3,0,11151,50.0
2260,200.0,196.524064171123,3.475935828876999,13.77005347593654,13.77005347593654,0.07149655369280043,1.6524064171123851,3,0,11200,50.0
2270,200.0,200.53475935828874,-0.5347593582887384,11.684491978610362,11.684491978610362,0.045449087060696614,1.4021390374332434,3,0,11250,50.0
2280,200.0,200.53475935828874,-0.5347593582887384,11.604278074867052,11.604278074867052,0.04454112852347125,1.3925133689840463,3,0,11300,50.0
2290,200.0,200.53475935828874,-0.5347593582887384,11.524064171123742,11.524064171123742,0.04366885014084959,1.382887700534849,3,0,11350,50.0
2300,200.0,200.53475935828874,-0.5347593582887384,11.443850267380432,11.443850267380432,0.04283009326347818,1.373262032085652,3,0,11400,50.0
2310,200.0,200.53475935828874,-0.5347593582887384,11.363636363637122,11.363636363637122,0.04202282984028934,1.3636363636364548,3,0,11450,50.0
2320,200.0,200.53475935828874,-0.5347593582887384,11.283422459893812,11.283422459893812,0.04124515451730502,1.3540106951872575,3,0,11500,50.0
2330,200.0,200.53475935828874,-0.5347593582887384,11.203208556150502,11.203208556150502,0.040495277214462846,1.3443850267380602,3,0,11550,50.0
2340,200.0,196.524064171123,3.475935828876999,13.72994652406492,13.72994652406492,0.071054938611437,1.6475935828877906,3,0,11599,50.0
2350,200.0,204.54545454545453,-4.5454545454545325,9.037433155080974,9.037433155080974,0.013741141563413262,1.0844919786097167,3,0,11650,50.0
2360,200.0,196.524064171123,3.475935828876999,13.569518716578289,13.569518716578289,0.06946381319401398,1.6283422459893946,3,0,11699,50.0
2370,200.0,200.53475935828874,-0.5347593582887384,11.48395721925211,11.48395721925211,0.043491199019840776,1.378074866310253,3,0,11749,50.0
2380,200.0,200.53475935828874,-0.5347593582887384,11.4037433155088,11.4037433155088,0.04265356436684119,1.368449197861056,3,0,11799,50.0
2390,200.0,196.524064171123,3.475935828876999,13.930481283423218,13.930481283423218,0.07313077773334244,1.6716577540107862,3,0,11848,50.0
2400,200.0,204.54545454545453,-4.5454545454545325,9.237967914439272,9.237967914439272,0.015739520760689463,1.1085561497327128,3,0,11899,50.0
2410,200.0,196.524064171123,3.475935828876999,13.770053475936587,13.770053475936587,0.07138941879210094,1.6524064171123904,3,0,11948,50.0
2420,200.0,204.54545454545453,-4.5454545454545325,9.077540106952641,9.077540106952641,0.014065011361596269,1.089304812834317,3,0,11999,50.0
2430,200.0,196.524064171123,3.475935828876999,13.609625668449956,13.609625668449956,0.06977771453785611,1.633155080213995,3,0,12048,50.0
2440,200.0,200.53475935828874,-0.5347593582887384,11.524064171123777,11.524064171123777,0.04379573500082965,1.3828877005348532,3,0,12098,50.0
2450,200.0,200.53475935828874,-0.5347593582887384,11.443850267380467,11.443850267380467,0.042949301589429445,1.3732620320856561,3,0,12148,50.0
2460,200.0,200.53475935828874,-0.5347593582887384,11.363636363637157,11.363636363637157,0.04213482606252054,1.3636363636364588,3,0,12198,50.0
2470,200.0,200.53475935828874,-0.5347593582887384,11.283422459893847,11.283422459893847,0.041350374968091255,1.3540106951872617,3,0,12248,50.0
2480,200.0,196.524064171123,3.475935828876999,13.810160427808265,13.810160427808265,0.07187755428786927,1.6572192513369919,3,0,12297,50.0
2490,200.0,204.54545454545453,-4.5454545454545325,9.11764705882432,9.11764705882432,0.014533240328319829,1.0941176470589185,3,0,12348,50.0
2500,200.0,196.524064171123,3.475935828876999,13.649732620321634,13.649732620321634,0.07022724132054209,1.6379679144385961,3,0,12397,50.0
2510,200.0,200.53475935828874,-0.5347593582887384,11.564171122995456,11.564171122995456,0.04422769108161233,1.3877005347594547,3,0,12447,50.0
2520,200.0,200.53475935828874,-0.5347593582887384,11.483957219252146,11.483957219252146,0.04336474999577398,1.3780748663102576,3,0,12497,50.0
2530,200.0,200.53475935828874,-0.5347593582887384,11.403743315508835,11.403743315508835,0.04253476550873044,1.3684491978610602,3,0,12547,50.0
2540,200.0,200.53475935828874,-0.5347593582887384,11.323529411765525,11.323529411765525,0.04173574374625466,1.3588235294118631,3,0,12597,50.0
2550,200.0,196.524064171123,3.475935828876999,13.850267379679943,13.850267379679943,0.07224923392340298,1.662032085561593,3,0,12646,50.0
2560,200.0,204.54545454545453,-4.5454545454545325,9.157754010695998,9.157754010695998,0.014892059014352966,1.0989304812835199,3,0,12697,50.0
2570,200.0,196.524064171123,3.475935828876999,13.689839572193312,13.689839572193312,0.07057397714451942,1.6427807486631976,3,0,12746,50.0
2580,200.0,200.53475935828874,-0.5347593582887384,11.604278074867134,11.604278074867134,0.0445630750566882,1.3925133689840559,3,0,12796,50.0
2590,200.0,200.53475935828874,-0.5347593582887384,11.524064171123824,11.524064171123824,0.04368946890880698,1.3828877005348588,3,0,12846,50.0
2600,200.0,200.53475935828874,-0.5347593582887384,11.443850267380514,11.443850267380514,0.04284946459597416,1.3732620320856617,3,0,12896,50.0
2610,200.0,200.53475935828874,-0.5347593582887384,11.363636363637204,11.363636363637204,0.042041029207169324,1.3636363636364643,3,0,12946,50.0
2620,200.0,200.53475935828874,-0.5347593582887384,11.283422459893893,11.283422459893893,0.0412622528224888,1.3540106951872672,3,0,12996,50.0
2630,200.0,200.53475935828874,-0.5347593582887384,11.203208556150583,11.203208556150583,0.04051134107218304,1.34438502673807,3,0,13046,50.0
2640,200.0,196.524064171123,3.475935828876999,13.729946524065001,13.729946524065001,0.07107003060576512,1.6475935828878001,3,0,13095,50.0
2650,200.0,204.54545454545453,-4.5454545454545325,9.037433155081056,9.037433155081056,0.013755320492084588,1.0844919786097267,3,0,13146,50.0
2660,200.0,196.524064171123,3.475935828876999,13.56951871657837,13.56951871657837,0.06947713429750071,1.6283422459894046,3,0,13195,50.0
2670,200.0,200.53475935828874,-0.5347593582887384,11.483957219252192,11.483957219252192,0.04350371419656657,1.3780748663102629,3,0,13245,50.0
2680,200.0,200.53475935828874,-0.5347593582887384,11.403743315508882,11.403743315508882,0.042665322375375105,1.3684491978610658,3,0,13295,50.0
2690,200.0,196.524064171123,3.475935828876999,13.9304812834233,13.9304812834233,0.07314182438236003,1.6716577540107957,3,0,13344,50.0
2700,200.0,204.54545454545453,-4.5454545454545325,9.237967914439354,9.237967914439354,0.01574989908744153,1.1085561497327225,3,0,13395,50.0
2710,200.0,196.524064171123,3.475935828876999,13.770053475936669,13.770053475936669,0.07139916923008452,1.6524064171124002,3,0,13444,50.0
2720,200.0,204.54545454545453,-4.5454545454545325,9.077540106952723,9.077540106952723,0.014074171898081878,1.0893048128343268,3,0,13495,50.0
2730,200.0,196.524064171123,3.475935828876999,13.609625668450038,13.609625668450038,0.06978632086188434,1.6331550802140045,3,0,13544,50.0
2740,200.0,200.53475935828874,-0.5347593582887384,11.52406417112386,11.52406417112386,0.0438038206422542,1.382887700534863,3,0,13594,50.0
2750,200.0,200.53475935828874,-0.5347593582887384,11.44385026738055,11.44385026738055,0.04295689804954783,1.3732620320856659,3,0,13644,50.0
2760,200.0,200.53475935828874,-0.5347593582887384,11.363636363637239,11.363636363637239,0.04214196293680178,1.3636363636364686,3,0,13694,50.0
2770,200.0,200.53475935828874,-0.5347593582887384,11.283422459893929,11.283422459893929,0.04135708006147849,1.3540106951872715,3,0,13744,50.0
2780,200.0,196.524064171123,3.475935828876999,13.810160427808347,13.810160427808347,0.07188385372310659,1.6572192513370014,3,0,13793,50.0
2790,200.0,200.53475935828874,-0.5347593582887384,11.724598930482168,11.724598930482168,0.04582258110761851,1.4069518716578602,3,0,13843,50.0
2800,200.0,204.54545454545453,-4.5454545454545325,9.037433155081091,9.037433155081091,0.013618229389110382,1.084491978609731,3,0,13894,50.0
2810,200.0,196.524064171123,3.475935828876999,13.569518716578406,13.569518716578406,0.06934833720625644,1.6283422459894086,3,0,13943,50.0
2820,200.0,200.53475935828874,-0.5347593582887384,11.483957219252227,11.483957219252227,0.043382709329342614,1.3780748663102673,3,0,13993,50.0
2830,200.0,200.53475935828874,-0.5347593582887384,11.403743315508917,11.403743315508917,0.0425516383026182,1.36844919786107,3,0,14043,50.0
2840,200.0,200.53475935828874,-0.5347593582887384,11.323529411765607,11.323529411765607,0.041751595736112215,1.3588235294118727,3,0,14093,50.0
2850,200.0,196.524064171123,3.475935828876999,13.850267379680025,13.850267379680025,0.07226412686787421,1.662032085561603,3,0,14142,50.0
2860,200.0,204.54545454545453,-4.5454545454545325,9.15775401069608,9.15775401069608,0.014906050935683656,1.0989304812835294,3,0,14193,50.0
2870,200.0,196.524064171123,3.475935828876999,13.689839572193394,13.689839572193394,0.07058712255460962,1.6427807486632071,3,0,14242,50.0
2880,200.0,200.53475935828874,-0.5347593582887384,11.604278074867215,11.604278074867215,0.04457542516946802,1.3925133689840659,3,0,14292,50.0
2890,200.0,200.53475935828874,-0.5347593582887384,11.524064171123905,11.524064171123905,0.04370107183976363,1.3828877005348688,3,0,14342,50.0
2900,200.0,200.53475935828874,-0.5347593582887384,11.443850267380595,11.443850267380595,0.04286036554960794,1.3732620320856714,3,0,14392,50.0
2910,200.0,200.53475935828874,-0.5347593582887384,11.363636363637285,11.363636363637285,0.042051270653108264,1.3636363636364741,3,0,14442,50.0
2920,200.0,200.53475935828874,-0.5347593582887384,11.283422459893975,11.283422459893975,0.04127187466094845,1.354010695187277,3,0,14492,50.0
2930,200.0,200.53475935828874,-0.5347593582887384,11.203208556150665,11.203208556150665,0.0405203807894159,1.3443850267380797,3,0,14542,50.0
2940,200.0,196.524064171123,3.475935828876999,13.729946524065083,13.729946524065083,0.07107852342010543,1.64759358288781,3,0,14591,50.0
2950,200.0,200.53475935828874,-0.5347593582887384,11.644385026738904,11.644385026738904,0.04504672195105053,1.3973262032086686,3,0,14641,50.0
2960,200.0,204.54545454545453,-4.5454545454545325,8.957219251337827,8.957219251337827,0.012870058374616378,1.0748663101605394,3,0,14692,50.0
2970,200.0,196.524064171123,3.475935828876999,13.489304812835142,13.489304812835142,0.06862617920124094,1.618716577540217,3,0,14741,50.0
2980,200.0,200.53475935828874,-0.5347593582887384,11.403743315508963,11.403743315508963,0.04268499054673214,1.3684491978610756,3,0,14791,50.0
2990,200.0,196.524064171123,3.475935828876999,13.930481283423381,13.930481283423381,0.07316030262935004,1.671657754010806,3,0,14840,50.0
3000,200.0,204.54545454545453,-4.5454545454545325,9.237967914439436,9.237967914439436,0.015767259400488575,1.108556149732732,3,0,14891,50.0
3010,200.0,196.524064171123,3.475935828876999,13.77005347593675,13.77005347593675,0.07141547924419227,1.65240641711241,3,0,14940,50.0
3020,200.0,204.54545454545453,-4.5454545454545325,9.077540106952805,9.077540106952805,0.014089495156336118,1.0893048128343366,3,0,14991,50.0
3030,200.0,196.524064171123,3.475935828876999,13.60962566845012,13.60962566845012,0.06980071706301424,1.6331550802140145,3,0,15040,50.0
3040,200.0,200.53475935828874,-0.5347593582887384,11.52406417112394,11.52406417112394,0.043817345873215764,1.382887700534873,3,0,15090,50.0
3050,200.0,200.53475935828874,-0.5347593582887384,11.44385026738063,11.44385026738063,0.04296960500403626,1.3732620320856759,3,0,15140,50.0
3060,200.0,200.53475935828874,-0.5347593582887384,11.36363636363732,11.36363636363732,0.042153901120543694,1.3636363636364786,3,0,15190,50.0
3070,200.0,200.53475935828874,-0.5347593582887384,11.28342245989401,11.28342245989401,0.04136829598510402,1.3540106951872812,3,0,15240,50.0
3080,200.0,196.524064171123,3.475935828876999,13.810160427808428,13.810160427808428,0.07189439108335284,1.6572192513370116,3,0,15289,50.0
3090,200.0,200.53475935828874,-0.5347593582887384,11.72459893048225,11.72459893048225,0.045832480957569845,1.40695187165787,3,0,15339,50.0
3100,200.0,204.54545454545453,-4.5454545454545325,9.037433155081173,9.037433155081173,0.013627530298139678,1.0844919786097407,3,0,15390,50.0
3110,200.0,196.524064171123,3.475935828876999,13.569518716578488,13.569518716578488,0.0693570754102895,1.6283422459894186,3,0,15439,50.0
3120,200.0,200.53475935828874,-0.5347593582887384,11.483957219252309,11.483957219252309,0.043390918872031684,1.378074866310277,3,0,15489,50.0
3130,200.0,200.53475935828874,-0.5347593582887384,11.403743315508999,11.403743315508999,0.042559351167974616,1.36844919786108,3,0,15539,50.0
3140,200.0,200.53475935828874,-0.5347593582887384,11.323529411765689,11.323529411765689,0.041758841973114566,1.3588235294118827,3,0,15589,50.0
3150,200.0,196.524064171123,3.475935828876999,13.850267379680107,13.850267379680107,0.07227093470753793,1.6620320855616129,3,0,15638,50.0
3160,200.0,204.54545454545453,-4.5454545454545325,9.157754010696161,9.157754010696161,0.014912446901047737,1.0989304812835392,3,0,15689,50.0
3170,200.0,196.524064171123,3.475935828876999,13.689839572193476,13.689839572193476,0.07059313156406924,1.6427807486632173,3,0,15738,50.0
3180,200.0,200.53475935828874,-0.5347593582887384,11.604278074867297,11.604278074867297,0.044581070633855316,1.3925133689840756,3,0,15788,50.0
3190,200.0,200.53475935828874,-0.5347593582887384,11.524064171123987,11.524064171123987,0.043706375753555515,1.3828877005348785,3,0,15838,50.0
3200,200.0,200.53475935828874,-0.5347593582887384,11.443850267380677,11.443850267380677,0.04286534857661541,1.3732620320856812,3,0,15888,50.0
3210,200.0,200.53475935828874,-0.5347593582887384,11.363636363637367,11.363636363637367,0.04205595220698183,1.363636363636484,3,0,15938,50.0
3220,200.0,200.53475935828874,-0.5347593582887384,11.283422459894057,11.283422459894057,0.0412762729808127,1.354010695187287,3,0,15988,50.0
3230,200.0,200.53475935828874,-0.5347593582887384,11.203208556150747,11.203208556150747,0.040524513010928374,1.3443850267380897,3,0,16038,50.0
3240,200.0,196.524064171123,3.475935828876999,13.729946524065165,13.729946524065165,0.07108240564221639,1.6475935828878199,3,0,16087,50.0
3250,200.0,200.53475935828874,-0.5347593582887384,11.644385026738986,11.644385026738986,0.0450503692987238,1.3973262032086784,3,0,16137,50.0
3260,200.0,200.53475935828874,-0.5347593582887384,11.564171122995676,11.564171122995676,0.04415690751764865,1.387700534759481,3,0,16187,50.0
3270,200.0,200.53475935828874,-0.5347593582887384,11.483957219252366,11.483957219252366,0.04329824883743015,1.378074866310284,3,0,16237,50.0
3280,200.0,200.53475935828874,-0.5347593582887384,11.403743315509056,11.403743315509056,0.04247228767046646,1.3684491978610867,3,0,16287,50.0
3290,200.0,200.53475935828874,-0.5347593582887384,11.323529411765746,11.323529411765746,0.0416770458172057,1.3588235294118896,3,0,16337,50.0
3300,200.0,200.53475935828874,-0.5347593582887384,11.243315508022436,11.243315508022436,0.040910664759168824,1.3491978609626925,3,0,16387,50.0
3310,200.0,200.53475935828874,-0.5347593582887384,11.163101604279126,11.163101604279126,0.04017139841824476,1.3395721925134951,3,0,16437,50.0
3320,200.0,196.524064171123,3.475935828876999,13.689839572193543,13.689839572193543,0.07074102881394098,1.6427807486632253,3,0,16486,50.0
3330,200.0,200.53475935828874,-0.5347593582887384,11.604278074867365,11.604278074867365,0.04472002010010986,1.3925133689840838,3,0,16536,50.0
3340,200.0,200.53475935828874,-0.5347593582887384,11.524064171124055,11.524064171124055,0.04383691877710164,1.3828877005348865,3,0,16586,50.0
3350,200.0,200.53475935828874,-0.5347593582887384,11.443850267380745,11.443850267380745,0.04298799374723705,1.3732620320856894,3,0,16636,50.0
3360,200.0,200.53475935828874,-0.5347593582887384,11.363636363637434,11.363636363637434,0.04217117734478086,1.363636363636492,3,0,16686,50.0
3370,200.0,200.53475935828874,-0.5347593582887384,11.283422459894124,11.283422459894124,0.041384526997774895,1.354010695187295,3,0,16736,50.0
3380,200.0,196.524064171123,3.475935828876999,13.810160427808542,13.810160427808542,0.07190964011975713,1.6572192513370252,3,0,16785,50.0
3390,200.0,200.53475935828874,-0.5347593582887384,11.724598930482363,11.724598930482363,0.04584680742727171,1.4069518716578835,3,0,16835,50.0
3400,200.0,204.54545454545453,-4.5454545454545325,9.037433155081287,9.037433155081287,0.013640990016424636,1.0844919786097544,3,0,16886,50.0
3410,200.0,196.524064171123,3.475935828876999,13.569518716578601,13.569518716578601,0.06936972081561825,1.6283422459894323,3,0,16935,50.0
3420,200.0,200.53475935828874,-0.5347593582887384,11.483957219252423,11.483957219252423,0.04340279923033805,1.3780748663102906,3,0,16985,50.0
3430,200.0,200.53475935828874,-0.5347593582887384,11.403743315509113,11.403743315509113,0.04257051276460346,1.3684491978610935,3,0,17035,50.0
3440,200.0,200.53475935828874,-0.5347593582887384,11.323529411765803,11.323529411765803,0.041769328293147404,1.3588235294118962,3,0,17085,50.0
3450,200.0,196.524064171123,3.475935828876999,13.85026737968022,13.85026737968022,0.0722807866052088,1.6620320855616264,3,0,17134,50.0
3460,200.0,204.54545454545453,-4.5454545454545325,9.157754010696275,9.157754010696275,0.014921702758909573,1.098930481283553,3,0,17185,50.0
3470,200.0,196.524064171123,3.475935828876999,13.68983957219359,13.68983957219359,0.07060182744253043,1.6427807486632309,3,0,17234,50.0
3480,200.0,200.53475935828874,-0.5347593582887384,11.60427807486741,11.60427807486741,0.04458924041166963,1.3925133689840892,3,0,17284,50.0
3490,200.0,200.53475935828874,-0.5347593582887384,11.5240641711241,11.5240641711241,0.04371405125981208,1.382887700534892,3,0,17334,50.0
3500,200.0,200.53475935828874,-0.5347593582887384,11.44385026738079,11.44385026738079,0.04287255971474352,1.373262032085695,3,0,17384,50.0
3510,200.0,200.53475935828874,-0.5347593582887384,11.36363636363748,11.36363636363748,0.04206272707125319,1.3636363636364977,3,0,17434,50.0
3520,200.0,200.53475935828874,-0.5347593582887384,11.28342245989417,11.28342245989417,0.041282637965795656,1.3540106951873006,3,0,17484,50.0
3530,200.0,200.53475935828874,-0.5347593582887384,11.20320855615086,11.20320855615086,0.04053049291431989,1.3443850267381032,3,0,17534,50.0
3540,200.0,196.524064171123,3.475935828876999,13.729946524065278,13.729946524065278,0.07108802376145276,1.6475935828878334,3,0,17583,50.0
3550,200.0,200.53475935828874,-0.5347593582887384,11.6443850267391,11.6443850267391,0.045055647521746386,1.397326203208692,3,0,17633,50.0
3560,200.0,200.53475935828874,-0.5347593582887384,11.56417112299579,11.56417112299579,0.04416186640817839,1.3877005347594946,3,0,17683,50.0
3570,200.0,200.53475935828874,-0.5347593582887384,11.48395721925248,11.48395721925248,0.04330290771508287,1.3780748663102975,3,0,17733,50.0
3580,200.0,200.53475935828874,-0.5347593582887384,11.40374331550917,11.40374331550917,0.04247666468602124,1.3684491978611004,3,0,17783,50.0
3590,200.0,200.53475935828874,-0.5347593582887384,11.32352941176586,11.32352941176586,0.04168115802331942,1.358823529411903,3,0,17833,50.0
3600,200.0,200.53475935828874,-0.5347593582887384,11.24331550802255,11.24331550802255,0.040914528176812695,1.349197860962706,3,0,17883,50.0
3610,200.0,196.524064171123,3.475935828876999,13.770053475936967,13.770053475936967,0.07145845055901394,1.652406417112436,3,0,17932,50.0
3620,200.0,204.54545454545453,-4.5454545454545325,9.077540106953021,9.077540106953021,0.01412986670661115,1.0893048128343628,3,0,17983,50.0
3630,200.0,196.524064171123,3.475935828876999,13.609625668450336,13.609625668450336,0.06983864613449767,1.6331550802140404,3,0,18032,50.0
3640,200.0,200.53475935828874,-0.5347593582887384,11.524064171124158,11.524064171124158,0.04385298023587446,1.3828877005348987,3,0,18082,50.0
3650,200.0,200.53475935828874,-0.5347593582887384,11.443850267380848,11.443850267380848,0.04300308348775415,1.3732620320857016,3,0,18132,50.0
3660,200.0,200.53475935828874,-0.5347593582887384,11.363636363637537,11.363636363637537,0.04218535415599671,1.3636363636365045,3,0,18182,50.0
3670,200.0,196.524064171123,3.475935828876999,13.890374331551955,13.890374331551955,0.07268126857180492,1.6668449197862345,3,0,18231,50.0
3680,200.0,204.54545454545453,-4.5454545454545325,9.19786096256801,9.19786096256801,0.015307581234975842,1.103743315508161,3,0,18282,50.0
3690,200.0,196.524064171123,3.475935828876999,13.729946524065324,13.729946524065324,0.07097398593924391,1.647593582887839,3,0,18331,50.0
3700,200.0,204.54545454545453,-4.5454545454545325,9.037433155081379,9.037433155081379,0.013665086527887994,1.0844919786097655,3,0,18382,50.0
3710,200.0,196.524064171123,3.475935828876999,13.569518716578694,13.569518716578694,0.06939235948813807,1.6283422459894432,3,0,18431,50.0
3720,200.0,200.53475935828874,-0.5347593582887384,11.483957219252515,11.483957219252515,0.043424068263170454,1.3780748663103017,3,0,18481,50.0
3730,200.0,200.53475935828874,-0.5347593582887384,11.403743315509205,11.403743315509205,0.042590495020949526,1.3684491978611044,3,0,18531,50.0
3740,200.0,200.53475935828874,-0.5347593582887384,11.323529411765895,11.323529411765895,0.041788101622984575,1.3588235294119073,3,0,18581,50.0
3750,200.0,196.524064171123,3.475935828876999,13.850267379680313,13.850267379680313,0.07229842414859082,1.6620320855616373,3,0,18630,50.0
3760,200.0,204.54545454545453,-4.5454545454545325,9.157754010696367,9.157754010696367,0.014938273230917032,1.098930481283564,3,0,18681,50.0
3770,200.0,196.524064171123,3.475935828876999,13.689839572193682,13.689839572193682,0.07061739540098144,1.6427807486632418,3,0,18730,50.0
3780,200.0,200.53475935828874,-0.5347593582887384,11.604278074867503,11.604278074867503,0.044603866508634425,1.3925133689841005,3,0,18780,50.0
3790,200.0,200.53475935828874,-0.5347593582887384,11.524064171124193,11.524064171124193,0.04372779247791051,1.3828877005349032,3,0,18830,50.0
3800,200.0,200.53475935828874,-0.5347593582887384,11.443850267380883,11.443850267380883,0.042885469589147004,1.3732620320857059,3,0,18880,50.0
3810,200.0,200.53475935828874,-0.5347593582887384,11.363636363637573,11.363636363637573,0.04207485589825531,1.3636363636365088,3,0,18930,50.0
3820,200.0,200.53475935828874,-0.5347593582887384,11.283422459894263,11.283422459894263,0.04129403299876416,1.3540106951873114,3,0,18980,50.0
3830,200.0,200.53475935828874,-0.5347593582887384,11.203208556150953,11.203208556150953,0.04054119854779383,1.3443850267381143,3,0,19030,50.0
3840,200.0,196.524064171123,3.475935828876999,13.72994652406537,13.72994652406537,0.07109808170410153,1.6475935828878443,3,0,19079,50.0
3850,200.0,200.53475935828874,-0.5347593582887384,11.644385026739192,11.644385026739192,0.045065096958864945,1.397326203208703,3,0,19129,50.0
3860,200.0,200.53475935828874,-0.5347593582887384,11.564171122995882,11.564171122995882,0.04417074415435133,1.387700534759506,3,0,19179,50.0
3870,200.0,200.53475935828874,-0.5347593582887384,11.483957219252572,11.483957219252572,0.04331124835761234,1.3780748663103086,3,0,19229,50.0
3880,200.0,200.53475935828874,-0.5347593582887384,11.403743315509262,11.403743315509262,0.04248450071967767,1.3684491978611113,3,0,19279,50.0
3890,200.0,200.53475935828874,-0.5347593582887384,11.323529411765952,11.323529411765952,0.04168851997693969,1.3588235294119142,3,0,19329,50.0
3900,200.0,200.53475935828874,-0.5347593582887384,11.243315508022642,11.243315508022642,0.04092144473223893,1.3491978609627169,3,0,19379,50.0
3910,200.0,196.524064171123,3.475935828876999,13.77005347593706,13.77005347593706,0.07146494866283695,1.6524064171124473,3,0,19428,50.0
3920,200.0,200.53475935828874,-0.5347593582887384,11.68449197861088,11.68449197861088,0.045419394135046066,1.4021390374333058,3,0,19478,50.0
3930,200.0,204.54545454545453,-4.5454545454545325,8.997326203209804,8.997326203209804,0.013229809559929463,1.0796791443851765,3,0,19529,50.0
3940,200.0,196.524064171123,3.475935828876999,13.529411764707119,13.529411764707119,0.06897379110829185,1.6235294117648542,3,0,19578,50.0
3950,200.0,200.53475935828874,-0.5347593582887384,11.44385026738094,11.44385026738094,0.043021197601855764,1.3732620320857127,3,0,19628,50.0
3960,200.0,200.53475935828874,-0.5347593582887384,11.36363636363763,11.36363636363763,0.04220237236619521,1.3636363636365156,3,0,19678,50.0
3970,200.0,196.524064171123,3.475935828876999,13.890374331552048,13.890374331552048,0.07269725718028643,1.6668449197862456,3,0,19727,50.0
3980,200.0,204.54545454545453,-4.5454545454545325,9.197860962568102,9.197860962568102,0.015322602532644248,1.1037433155081722,3,0,19778,50.0
3990,200.0,196.524064171123,3.475935828876999,13.729946524065417,13.729946524065417,0.0709880984484034,1.64759358288785,3,0,19827,50.0
4000,200.0,204.54545454545453,-4.5454545454545325,9.037433155081471,9.037433155081471,0.01367834523024335,1.0844919786097766,3,0,19878,50.0
4010,200.0,196.524064171123,3.475935828876999,13.569518716578786,13.569518716578786,0.06940481603900092,1.628342245989454,3,0,19927,50.0
4020,200.0,200.53475935828874,-0.5347593582887384,11.483957219252607,11.483957219252607,0.04343577119270618,1.378074866310313,3,0,19977,50.0
4030,200.0,200.53475935828874,-0.5347593582887384,11.403743315509297,11.403743315509297,0.04260148992324836,1.3684491978611157,3,0,20027,50.0
4040,200.0,200.53475935828874,-0.5347593582887384,11.323529411765987,11.323529411765987,0.04179843133369433,1.3588235294119184,3,0,20077,50.0
4050,200.0,196.524064171123,3.475935828876999,13.850267379680405,13.850267379680405,0.07230812891180269,1.6620320855616488,3,0,20126,50.0
4060,200.0,200.53475935828874,-0.5347593582887384,11.764705882354226,11.764705882354226,0.04623081331584776,1.4117647058825071,3,0,20176,50.0
4070,200.0,204.54545454545453,-4.5454545454545325,9.07754010695315,9.07754010695315,0.01401138921719105,1.0893048128343779,3,0,20227,50.0
4080,200.0,196.524064171123,3.475935828876999,13.609625668450464,13.609625668450464,0.06972733653318755,1.6331550802140558,3,0,20276,50.0
4090,200.0,200.53475935828874,-0.5347593582887384,11.524064171124285,11.524064171124285,0.043748404865443666,1.3828877005349143,3,0,20326,50.0
4100,200.0,200.53475935828874,-0.5347593582887384,11.443850267380975,11.443850267380975,0.042904834927234445,1.3732620320857172,3,0,20376,50.0
4110,200.0,200.53475935828874,-0.5347593582887384,11.363636363637665,11.363636363637665,0.04209304963338847,1.3636363636365199,3,0,20426,50.0
4120,200.0,200.53475935828874,-0.5347593582887384,11.283422459894355,11.283422459894355,0.04131112601292179,1.3540106951873228,3,0,20476,50.0
4130,200.0,196.524064171123,3.475935828876999,13.810160427808773,13.810160427808773,0.0718406798944877,1.657219251337053,3,0,20525,50.0
4140,200.0,204.54545454545453,-4.5454545454545325,9.117647058824828,9.117647058824828,0.01449859683573792,1.0941176470589793,3,0,20576,50.0
4150,200.0,196.524064171123,3.475935828876999,13.649732620322142,13.649732620322142,0.0701946937592615,1.637967914438657,3,0,20625,50.0
4160,200.0,200.53475935828874,-0.5347593582887384,11.564171122995964,11.564171122995964,0.044197112647789374,1.3877005347595157,3,0,20675,50.0
4170,200.0,200.53475935828874,-0.5347593582887384,11.483957219252654,11.483957219252654,0.04333602155719742,1.3780748663103184,3,0,20725,50.0
4180,200.0,200.53475935828874,-0.5347593582887384,11.403743315509344,11.403743315509344,0.042507775140687896,1.3684491978611213,3,0,20775,50.0
4190,200.0,200.53475935828874,-0.5347593582887384,11.323529411766033,11.323529411766033,0.04171038629547882,1.3588235294119242,3,0,20825,50.0
4200,200.0,200.53475935828874,-0.5347593582887384,11.243315508022723,11.243315508022723,0.04094198813850647,1.3491978609627269,3,0,20875,50.0
4210,200.0,196.524064171123,3.475935828876999,13.770053475937141,13.770053475937141,0.07148424919302529,1.652406417112457,3,0,20924,50.0
4220,200.0,200.53475935828874,-0.5347593582887384,11.684491978610962,11.684491978610962,0.04543752698315804,1.4021390374333156,3,0,20974,50.0
4230,200.0,204.54545454545453,-4.5454545454545325,8.997326203209886,8.997326203209886,0.013246845370730653,1.079679144385186,3,0,21025,50.0
4240,200.0,196.524064171123,3.475935828876999,13.5294117647072,13.5294117647072,0.0689897962525396,1.623529411764864,3,0,21074,50.0
4250,200.0,200.53475935828874,-0.5347593582887384,11.443850267381022,11.443850267381022,0.04303623443487653,1.3732620320857225,3,0,21124,50.0
4260,200.0,200.53475935828874,-0.5347593582887384,11.363636363637712,11.363636363637712,0.042216499470818236,1.3636363636365254,3,0,21174,50.0
4270,200.0,196.524064171123,3.475935828876999,13.89037433155213,13.89037433155213,0.07271052959507981,1.6668449197862556,3,0,21223,50.0
4280,200.0,204.54545454545453,-4.5454545454545325,9.197860962568184,9.197860962568184,0.01533507196634264,1.1037433155081822,3,0,21274,50.0
4290,200.0,196.524064171123,3.475935828876999,13.729946524065499,13.729946524065499,0.07099981348136306,1.6475935828878598,3,0,21323,50.0
4300,200.0,200.53475935828874,-0.5347593582887384,11.64438502673932,11.64438502673932,0.044972773963602164,1.3973262032087184,3,0,21373,50.0
4310,200.0,204.54545454545453,-4.5454545454545325,8.957219251338243,8.957219251338243,0.012800584240408742,1.074866310160589,3,0,21424,50.0
4320,200.0,196.524064171123,3.475935828876999,13.489304812835558,13.489304812835558,0.06856090825215296,1.6187165775402668,3,0,21473,50.0
4330,200.0,200.53475935828874,-0.5347593582887384,11.403743315509379,11.403743315509379,0.04262366849006412,1.3684491978611255,3,0,21523,50.0
4340,200.0,200.53475935828874,-0.5347593582887384,11.323529411766069,11.323529411766069,0.04181926809721774,1.3588235294119282,3,0,21573,50.0
4350,200.0,196.524064171123,3.475935828876999,13.850267379680487,13.850267379680487,0.07232770505113294,1.6620320855616584,3,0,21622,50.0
4360,200.0,200.53475935828874,-0.5347593582887384,11.764705882354308,11.764705882354308,0.04624920509874858,1.411764705882517,3,0,21672,50.0
4370,200.0,204.54545454545453,-4.5454545454545325,9.077540106953231,9.077540106953231,0.014028668297226422,1.0893048128343878,3,0,21723,50.0
4380,200.0,196.524064171123,3.475935828876999,13.609625668450546,13.609625668450546,0.06974357022888075,1.6331550802140655,3,0,21772,50.0
4390,200.0,200.53475935828874,-0.5347593582887384,11.524064171124367,11.524064171124367,0.043763656422547446,1.382887700534924,3,0,21822,50.0
4400,200.0,200.53475935828874,-0.5347593582887384,11.443850267381057,11.443850267381057,0.04291916376513346,1.373262032085727,3,0,21872,50.0
4410,200.0,200.53475935828874,-0.5347593582887384,11.363636363637747,11.363636363637747,0.042106511576594605,1.3636363636365296,3,0,21922,50.0
4420,200.0,200.53475935828874,-0.5347593582887384,11.283422459894437,11.283422459894437,0.04132377350856399,1.3540106951873325,3,0,21972,50.0
4430,200.0,196.524064171123,3.475935828876999,13.810160427808855,13.810160427808855,0.07185256221664352,1.6572192513370625,3,0,22021,50.0
4440,200.0,204.54545454545453,-4.5454545454545325,9.11764705882491,9.11764705882491,0.014509760277403394,1.0941176470589893,3,0,22072,50.0
4450,200.0,196.524064171123,3.475935828876999,13.649732620322224,13.649732620322224,0.07020518181270624,1.637967914438667,3,0,22121,50.0
4460,200.0,200.53475935828874,-0.5347593582887384,11.564171122996045,11.564171122996045,0.044206966174000675,1.3877005347595253,3,0,22171,50.0
4470,200.0,200.53475935828874,-0.5347593582887384,11.483957219252735,11.483957219252735,0.04334527894507297,1.3780748663103282,3,0,22221,50.0
4480,200.0,200.53475935828874,-0.5347593582887384,11.403743315509425,11.403743315509425,0.042516472456596996,1.368449197861131,3,0,22271,50.0
4490,200.0,200.53475935828874,-0.5347593582887384,11.323529411766115,11.323529411766115,0.04171855742377541,1.3588235294119337,3,0,22321,50.0
4500,200.0,200.53475935828874,-0.5347593582887384,11.243315508022805,11.243315508022805,0.04094966491354115,1.3491978609627366,3,0,22371,50.0
4510,200.0,196.524064171123,3.475935828876999,13.770053475937223,13.770053475937223,0.07149146152317037,1.6524064171124666,3,0,22420,50.0
4520,200.0,200.53475935828874,-0.5347593582887384,11.684491978611044,11.684491978611044,0.04544430296732939,1.4021390374333254,3,0,22470,50.0
4530,200.0,200.53475935828874,-0.5347593582887384,11.604278074867734,11.604278074867734,0.044536633867752876,1.392513368984128,3,0,22520,50.0
4540,200.0,204.54545454545453,-4.5454545454545325,8.917112299466657,8.917112299466657,0.012381204951909175,1.070053475935999,3,0,22571,50.0
4550,200.0,196.524064171123,3.475935828876999,13.449197860963972,13.449197860963972,0.06815727574215844,1.6139037433156767,3,0,22620,50.0
4560,200.0,200.53475935828874,-0.5347593582887384,11.363636363637793,11.363636363637793,0.04223483007847505,1.3636363636365352,3,0,22670,50.0
4570,200.0,196.524064171123,3.475935828876999,13.890374331552211,13.890374331552211,0.07272775120097338,1.6668449197862651,3,0,22719,50.0
4580,200.0,204.54545454545453,-4.5454545454545325,9.197860962568265,9.197860962568265,0.015351251665079701,1.103743315508192,3,0,22770,50.0
4590,200.0,196.524064171123,3.475935828876999,13.72994652406558,13.72994652406558,0.07101501430832653,1.6475935828878696,3,0,22819,50.0
4600,200.0,200.53475935828874,-0.5347593582887384,11.644385026739402,11.644385026739402,0.04498705514053436,1.3973262032087281,3,0,22869,50.0
4610,200.0,200.53475935828874,-0.5347593582887384,11.564171122996092,11.564171122996092,0.044097423866029786,1.387700534759531,3,0,22919,50.0
4620,200.0,204.54545454545453,-4.5454545454545325,8.877005347595015,8.877005347595015,0.011958941486841113,1.0652406417114018,3,0,22970,50.0
4630,200.0,196.524064171123,3.475935828876999,13.40909090909233,13.40909090909233,0.06775093354827783,1.6090909090910797,3,0,23019,50.0
4640,200.0,200.53475935828874,-0.5347593582887384,11.32352941176615,11.32352941176615,0.041843445918875,1.358823529411938,3,0,23069,50.0
4650,200.0,196.524064171123,3.475935828876999,13.850267379680568,13.850267379680568,0.07235042011457998,1.6620320855616684,3,0,23118,50.0
4660,200.0,200.53475935828874,-0.5347593582887384,11.76470588235439,11.76470588235439,0.04627054590085709,1.411764705882527,3,0,23168,50.0
4670,200.0,204.54545454545453,-4.5454545454545325,9.077540106953313,9.077540106953313,0.014048717980807346,1.0893048128343976,3,0,23219,50.0
4680,200.0,196.524064171123,3.475935828876999,13.609625668450628,13.609625668450628,0.06976240690660507,1.6331550802140753,3,0,23268,50.0
4690,200.0,200.53475935828874,-0.5347593582887384,11.524064171124449,11.524064171124449,0.04378135348126947,1.3828877005349338,3,0,23318,50.0
4700,200.0,200.53475935828874,-0.5347593582887384,11.443850267381139,11.443850267381139,0.04293579015180282,1.3732620320857367,3,0,23368,50.0
4710,200.0,200.53475935828874,-0.5347593582887384,11.363636363637829,11.363636363637829,0.04212213206687049,1.3636363636365394,3,0,23418,50.0
4720,200.0,200.53475935828874,-0.5347593582887384,11.283422459894519,11.283422459894519,0.041338448959178174,1.354010695187342,3,0,23468,50.0
4730,200.0,196.524064171123,3.475935828876999,13.810160427808936,13.810160427808936,0.07186634980249562,1.6572192513370725,3,0,23517,50.0
4740,200.0,204.54545454545453,-4.5454545454545325,9.117647058824991,9.117647058824991,0.014522713714311419,1.0941176470589988,3,0,23568,50.0
4750,200.0,196.524064171123,3.475935828876999,13.649732620322306,13.649732620322306,0.07021735156668135,1.6379679144386765,3,0,23617,50.0
4760,200.0,200.53475935828874,-0.5347593582887384,11.564171122996127,11.564171122996127,0.04421839965786036,1.3877005347595353,3,0,23667,50.0
4770,200.0,200.53475935828874,-0.5347593582887384,11.483957219252817,11.483957219252817,0.04335602070315917,1.3780748663103382,3,0,23717,50.0
4780,200.0,200.53475935828874,-0.5347593582887384,11.403743315509507,11.403743315509507,0.04252656433831899,1.3684491978611408,3,0,23767,50.0
4790,200.0,200.53475935828874,-0.5347593582887384,11.323529411766197,11.323529411766197,0.04172803874665323,1.3588235294119435,3,0,23817,50.0
4800,200.0,200.53475935828874,-0.5347593582887384,11.243315508022887,11.243315508022887,0.04095857261638489,1.3491978609627464,3,0,23867,50.0
4810,200.0,196.524064171123,3.475935828876999,13.770053475937305,13.770053475937305,0.07149983030999213,1.6524064171124766,3,0,23916,50.0
4820,200.0,200.53475935828874,-0.5347593582887384,11.684491978611126,11.684491978611126,0.045452165442548396,1.4021390374333351,3,0,23966,50.0
4830,200.0,200.53475935828874,-0.5347593582887384,11.604278074867816,11.604278074867816,0.04454402066322118,1.392513368984138,3,0,24016,50.0
4840,200.0,200.53475935828874,-0.5347593582887384,11.524064171124506,11.524064171124506,0.04367156730614484,1.3828877005349407,3,0,24066,50.0
4850,200.0,200.53475935828874,-0.5347593582887384,11.443850267381196,11.443850267381196,0.042832646040273245,1.3732620320857436,3,0,24116,50.0
4860,200.0,200.53475935828874,-0.5347593582887384,11.363636363637886,11.363636363637886,0.04202522817408847,1.3636363636365463,3,0,24166,50.0
4870,200.0,200.53475935828874,-0.5347593582887384,11.283422459894576,11.283422459894576,0.04124740775190948,1.354010695187349,3,0,24216,50.0
4880,200.0,200.53475935828874,-0.5347593582887384,11.203208556151266,11.203208556151266,0.04049739412837394,1.3443850267381519,3,0,24266,50.0
4890,200.0,196.524064171123,3.475935828876999,13.729946524065683,13.729946524065683,0.07105692745205665,1.647593582887882,3,0,24315,50.0
4900,200.0,204.54545454545453,-4.5454545454545325,9.037433155081738,9.037433155081738,0.013743010079175643,1.0844919786098086,3,0,24366,50.0
4910,200.0,196.524064171123,3.475935828876999,13.569518716579053,13.569518716579053,0.06946556866457289,1.628342245989486,3,0,24415,50.0
4920,200.0,200.53475935828874,-0.5347593582887384,11.483957219252874,11.483957219252874,0.0434928482844311,1.378074866310345,3,0,24465,50.0
4930,200.0,200.53475935828874,-0.5347593582887384,11.403743315509564,11.403743315509564,0.04265511385092398,1.3684491978611477,3,0,24515,50.0
4940,200.0,196.524064171123,3.475935828876999,13.930481283423982,13.930481283423982,0.07313223347363838,1.671657754010878,3,0,24564,50.0
4950,200.0,204.54545454545453,-4.5454545454545325,9.237967914440036,9.237967914440036,0.015740888428697652,1.1085561497328043,3,0,24615,50.0
4960,200.0,196.524064171123,3.475935828876999,13.77005347593735,13.77005347593735,0.07139070371619481,1.652406417112482,3,0,24664,50.0
4970,200.0,204.54545454545453,-4.5454545454545325,9.077540106953405,9.077540106953405,0.014066218547782661,1.0893048128344085,3,0,24715,50.0
4980,200.0,196.524064171123,3.475935828876999,13.60962566845072,13.60962566845072,0.06977884868927843,1.6331550802140864,3,0,24764,50.0
4990,200.0,200.53475935828874,-0.5347593582887384,11.524064171124541,11.524064171124541,0.043796800536091106,1.382887700534945,3,0,24814,50.0
5000,200.0,200.53475935828874,-0.5347593582887384,11.443850267381231,11.443850267381231,0.042950302659807774,1.3732620320857478,3,0,24864,50.0
