timestamp_ms,target_rpm,measured_rpm,pwm_duty,current_amps,load_torque
0,200.0,0.0,10.4,0.24960000000000004,0.0
10,200.0,4.76700885548845,10.5521155395146,0.2512539729483504,0.0
20,200.0,9.541771223155886,10.694293878684917,0.2526662053048512,0.0
30,200.0,14.319631430224756,10.826761605471024,0.2538440853441969,0.0
40,200.0,19.096098187934018,10.949746071209692,0.2547949508051069,0.0
50,200.0,23.86684280445304,11.063475154774837,0.2555260839787491,0.0
60,200.0,28.627697312926692,11.1681770347253,0.2560447070244095,0.0
70,200.0,33.37465251941617,11.264079969361994,0.25635797750853984,0.0
80,200.0,38.1038559754021,11.351412084611894,0.25647298416324993,0.0
90,200.0,42.81160987941836,11.430401169652242,0.25639674286024944,0.0
100,200.0,47.494368912285715,11.501274480184303,0.25613619279619393,0.0
110,200.0,52.14873801031464,11.564258549262227,0.25569819288533563,0.0
120,200.0,56.771470080746994,11.619579005579116,0.2550895183553431,0.0
130,200.0,61.3594636636053,11.66746039910899,0.25431685754211014,0.0
140,200.0,65.90976054401817,11.70812603400031,0.2533868088793475,0.0
150,200.0,70.41954331898962,11.74179780861376,0.25230587807871874,0.0
160,200.0,74.88613292247898,11.768696062594334,0.2510804754962629,0.0
170,200.0,79.30698611255782,11.789039430865277,0.24971691368082535,0.0
180,200.0,83.67969292430969,11.803044704429063,0.24822140510020935,0.0
190,200.0,88.00197409203784,11.81092669785858,0.24660006004074653,0.0
200,200.0,92.2716784442468,11.812898123359638,0.24485888467598524,0.0
210,200.0,96.48678027476375,11.809169471284264,0.24300377930019162,0.0
220,200.0,100.64537669326643,11.799948896972598,0.24104053672236322,0.0
230,200.0,104.7456849583866,11.785442113799814,0.23897484081646242,0.0
240,200.0,108.78603979645933,11.765852292303261,0.23681226522358717,0.0
250,200.0,112.76489070889178,11.741379965263853,0.23455827220181108,0.0
260,200.0,116.68079927102883,11.712222938614945,0.2322182116194454,0.0
270,200.0,120.53243642529702,11.678576208050941,0.22979732008749038,0.0
280,200.0,124.31857977131389,11.640631881207469,0.22730072022707573,0.0
290,200.0,128.03811085555577,11.598579105284264,0.22473342006771174,0.0
300,200.0,131.69001246308483,11.552603999981642,0.22210031257220267,0.0
310,200.0,135.27336591374393,11.502889595621198,0.21940617528411116,0.0
320,200.0,138.7873483651376,11.44961577632124,0.21665567009369324,0.0
330,200.0,142.23123012462767,11.392959228097482,0.2138533431182636,0.0
340,200.0,145.6043719724844,11.333093391759679,0.21100362469299058,0.0
350,200.0,148.90622249824557,11.270188420475128,0.20811082946816367,0.0
360,200.0,152.13631545225186,11.204411141870308,0.20517915660901886,0.0
370,200.0,155.29426711424077,11.135925024542383,0.20221269009425588,0.0
380,200.0,158.37977368079882,11.064890148852882,0.19921539910942765,0.0
390,200.0,161.39260867338965,10.991463181876561,0.19619113853143572,0.0
400,200.0,164.3326203685953,10.91579735637909,0.19314364950041293,0.0
410,200.0,167.1997292521282,10.838042453698186,0.19007656007533136,0.0
420,200.0,169.99392549809468,10.758344790403674,0.18699338596972756,0.0
430,200.0,172.71526647491294,10.676847208612935,0.18389753136399176,0.0
440,200.0,175.3638742792155,10.593689069839375,0.180792289790728,0.0
450,200.0,177.93993329899106,10.509006252252615,0.177680845089747,0.0
460,200.0,180.44368780714953,10.422931151230392,0.17456627242931724,0.0
470,200.0,182.87543958662405,10.33559268308342,0.17145153939035646,0.0
480,200.0,185.23554558805375,10.247116291835825,0.1683395071103096,0.0
490,200.0,187.52441562102456,10.157623958945237,0.16523293148352172,0.0
500,200.0,189.74251007977946,10.06723421584793,0.16213446441497403,0.0
510,200.0,191.8903377042446,9.976062159216186,0.1590466551243192,0.0
520,200.0,193.96845337715544,9.884219468816333,0.15597195149721252,0.0
530,200.0,195.97745595800615,9.791814427857785,0.1529127014810016,0.0
540,200.0,197.9179861544845,9.698951945724898,0.14987115452190225,0.0
550,200.0,199.7907244319981,9.605733582985224,0.14684946304085233,0.0
560,200.0,201.59638896183918,9.512257578569491,0.14384968394530184,0.0
570,200.0,203.3357336084822,9.418618879020375,0.1408737801742625,0.0
580,200.0,205.00954595645277,9.324909169708942,0.13792362227400515,0.0
590,200.0,206.6186453771562,9.231216907919455,0.13500099000186044,0.0
600,200.0,208.16388113600192,9.137627357705167,0.13210757395564363,0.0
610,200.0,209.64613054011215,9.04422262641943,0.12924497722628722,0.0
620,200.0,211.06629712685518,8.951081702828569,0.12641471707133517,0.0
630,200.0,212.42530889339687,8.858280496714691,0.12361822660701419,0.0
640,200.0,213.7241165674211,8.765891879878637,0.12085685651666345,0.0
650,200.0,214.963691919125,8.673985728455191,0.11813187677336959,0.0
660,200.0,216.14502611455393,8.582628966454637,0.11544447837471705,0.0
670,200.0,217.26912811030135,8.491885610446662,0.11279577508762892,0.0
680,200.0,218.33702308955918,8.401816815304652,0.1101868052013351,0.0
690,200.0,219.34975093946696,8.312480920930328,0.10761853328657052,0.0
700,200.0,220.3083647696725,8.223933499880708,0.10509185195916584,0.0
710,200.0,221.21392947198208,8.136227405821263,0.1026075836462557,0.0
720,200.0,222.06752032094417,8.04941282273127,0.1001664823533931,0.0
730,200.0,222.87022161517982,7.963537314789129,0.09776923543091537,0.0
740,200.0,223.62312535924136,7.878645876867569,0.09541646533797074,0.0
750,200.0,224.3273299857525,7.794780985570506,0.09310873140267172,0.0
760,200.0,224.98393911755383,7.711982650745332,0.09084653157690126,0.0
770,200.0,225.5940603695522,7.630288467406309,0.08863030418435444,0.0
780,200.0,226.15880418994587,7.549733668006733,0.08646042966045675,0.0
790,200.0,226.6792827404734,7.47035117499941,0.08433723228285585,0.0
800,200.0,227.15660881531176,7.392171653626869,0.08226098189123769,0.0
810,200.0,227.5918947982252,7.315223564884747,0.08023189559527587,0.0
820,200.0,227.98625165754862,7.239533218603479,0.07825013946957304,0.0
830,200.0,228.3407879785664,7.165124826595458,0.07631583023450847,0.0
840,200.0,228.65660903283165,7.092020555816531,0.07442903692195708,0.0
850,200.0,228.93481588395133,7.020240581492645,0.07258978252489638,0.0
860,200.0,229.17650452934794,6.94980314016412,0.07079804562996722,0.0
870,200.0,229.3827650774918,6.8807245826019425,0.06905376203210506,0.0
880,200.0,229.55468096008445,6.81301942655214,0.06735682633040467,0.0
890,200.0,229.69332817865998,6.746700409266043,0.06570709350442935,0.0
900,200.0,229.79977458505846,6.681778539776001,0.06410438047022268,0.0
910,200.0,229.87507919521468,6.618263150877762,0.06254846761532519,0.0
920,200.0,229.9202915356949,6.556161950782361,0.061039100312141645,0.0
930,200.0,229.93645102240356,6.495481074402121,0.05957599040905193,0.0
940,200.0,229.92458637087506,6.436225134236794,0.05815881769869469,0.0
950,200.0,229.88571503755603,6.378397270827635,0.056787231362900224,0.0
960,200.0,229.82084269147728,6.321999202748617,0.05546085139378539,0.0
970,200.0,229.7309627157086,6.267031276105633,0.054179269990564424,0.0
980,200.0,229.6170557379831,6.213492513515943,0.05294205293166719,0.0
990,200.0,229.4800891898741,6.161380662541644,0.05174874092179427,0.0
1000,200.0,229.321016893903,6.110692243552394,0.050598850913573926,0.01
1010,200.0,219.59148209243958,6.557986019440685,0.06540939954224273,0.01
1020,200.0,210.19345560788216,7.007500432452792,0.08013438158281702,0.01
1030,200.0,201.1236456971911,7.4587436365929625,0.09476337157349884,0.01
1040,200.0,192.3785779643886,7.91123986730431,0.1092864065165069,0.01
1050,200.0,183.95460510623522,8.364529299999509,0.12369397840055354,0.01
1060,200.0,175.84791646636836,8.818167899060114,0.13797702657480082,0.01
1070,200.0,168.05454739602297,9.271727257785338,0.15212692998662097,0.01
1080,200.0,160.570388419701,9.724794429762035,0.16613549929516988,0.01
1090,200.0,153.39119420439272,10.176971752118662,0.1799949688724632,0.01
1100,200.0,146.51259233118398,10.627876661116732,0.19369798870332908,0.01
1110,200.0,139.93009186830548,11.077141500524046,0.2072376161952953,0.01
1120,200.0,133.6390917448977,11.52441332320464,0.22060730790915364,0.01
1130,200.0,127.63488892497202,11.969353686350981,0.23380091122063135,0.01
1140,200.0,121.91268638125177,12.411638440774489,0.2468126559232895,0.01
1150,200.0,116.46760086877148,12.85095751466096,0.25963714578245495,0.01
1160,200.0,111.29467049829975,13.287014692187949,0.2722693500496901,0.01
1170,200.0,106.38886210983362,13.719527387391587,0.28470459494699396,0.01
1180,200.0,101.74507844658554,14.14822641366082,0.29693855512963163,0.01
1190,200.0,97.35816513005243,14.572855749227372,0.308967245136183,0.01
1200,200.0,93.22291743691751,14.993172299010283,0.3207870108341097,0.01
1210,200.0,89.33408687868985,15.408945653164286,0.3323945208688436,0.01
1220,200.0,85.68638758513531,15.819957842671743,0.3437867581241073,0.01
1230,200.0,82.27450249269464,16.22600309230839,0.354961011200894,0.01
1240,200.0,79.09308933921983,16.626887571303687,0.3659148659222466,0.01
1250,200.0,76.13678646649005,17.022429142007198,0.3766461968706981,0.01
1260,200.0,73.40021843209205,17.412457106862913,0.3871531589649571,0.01
1270,200.0,70.8780014323677,17.796811953984395,0.39743417908215173,0.01
1280,200.0,68.5647485382434,18.175345101614123,0.40748794773167535,0.01
1290,200.0,66.45507474586263,18.547918641741436,0.4173134107864128,0.01
1300,200.0,64.54360184404315,18.914405083144324,0.42690976127686764,0.01
1310,200.0,62.82496310067656,19.2746870941113,0.43627643125345317,0.01
1320,200.0,61.293807770276885,19.62865724509073,0.4454130837219578,0.01
1330,200.0,59.944805424970234,19.976217751506123,0.45431960465695287,0.01
1340,200.0,58.772650111296834,20.3172802169672,0.46299609509765904,0.01
1350,200.0,57.772064335271146,20.65176537709794,0.4714428633305633,0.01
1360,200.0,56.93780287821579,20.97960284419428,0.47966041716282976,0.01
1370,200.0,56.264656445949186,21.30073085291571,0.48764945629033074,0.01
1380,200.0,55.74745515396748,21.61509600720686,0.49541086476389384,0.01
1390,200.0,55.38107185131642,21.92265302863678,0.5029457035571461,0.01
1400,200.0,55.160425285900224,22.223364506335788,0.5102552032391159,0.01
1410,200.0,55.080483114020794,22.517200648701717,0.5173407567545499,0.01
1420,200.0,55.136264756983586,22.80413903703961,0.5242039123146944,0.01
1430,200.0,55.322844107644244,23.08416438129129,0.5308463664010885,0.01
1440,200.0,55.635352089804854,23.35726827800365,0.537269956884726,0.01
1450,200.0,56.06897907339895,23.623448970677146,0.5434766562627489,0.01
1460,200.0,56.6189771484308,23.882711112628694,0.5494685650146515,0.01
1470,200.0,57.28066226065799,24.135065532496018,0.5552479050797923,0.01
1480,200.0,58.04941621202519,24.380529002503607,0.5608170134578366,0.01
1490,200.0,58.92068852887319,24.61912400960346,0.5661783359335816,0.01
1500,200.0,59.88999820095989,24.850878529597207,0.5713344209274475,0.01
1510,200.0,60.952935294339234,25.075825804339562,0.5762879134727589,0.01
1520,200.0,62.1051624411503,25.29400412211671,0.5810415493207852,0.01
1530,200.0,63.34241620937198,25.50545660128688,0.5855981491743532,0.01
1540,200.0,64.660508355599,25.710230977264334,0.5899606130506999,0.01
1550,200.0,66.05532696389255,25.908379392921873,0.5941319147740933,0.01
1560,200.0,67.52283747375333,26.099958192481328,0.5981150965986077,0.01
1570,200.0,69.05908360025742,26.285027718955607,0.6019132639613063,0.01
1580,200.0,70.66018814938465,26.463652115200475,0.6055295803659608,0.01
1590,200.0,72.32235373155646,26.635899128628772,0.6089672623973065,0.01
1600,200.0,74.04186337638544,26.801839919634553,0.6122295748657157,0.01
1610,200.0,75.81508105162118,26.961548873769523,0.6153198260820569,0.01
1620,200.0,77.63845208925791,27.11510341770917,0.6182413632623941,0.01
1630,200.0,79.50850352174776,27.26258383904118,0.6209975680620763,0.01
1640,200.0,81.42184433124032,27.404073109904072,0.6235918522386635,0.01
1650,200.0,83.37516561474409,27.539656714499394,0.6260276534430371,0.01
1660,200.0,85.36524066807817,27.669422480496536,0.6283084311379491,0.01
1670,200.0,87.38892499145426,27.79346041434482,0.630437662643174,0.01
1680,200.0,89.44315621949869,27.911862540503602,0.632418839306345,0.01
1690,200.0,91.52495397849275,28.024722744596914,0.6342554627984625,0.01
1700,200.0,93.63141967357613,28.13213662049559,0.6359510415330023,0.01
1710,200.0,95.75973620862452,28.234201321325923,0.6375090872074607,0.01
1720,200.0,97.90716764147602,28.331015414400394,0.6389331114661101,0.01
1730,200.0,100.07105877714488,28.42267874006266,0.6402266226826732,0.01
1740,200.0,102.24883470162271,28.509292274435523,0.6413931228615545,0.01
1750,200.0,104.43800025882852,28.590957996057575,0.6424361046562159,0.01
1760,200.0,106.63613947322933,28.667778756391073,0.6433590485032159,0.01
1770,200.0,108.8409149206117,28.739858154180734,0.644165419870393,0.01
1780,200.0,111.05006704944361,28.807300413640252,0.6448586666176078,0.01
1790,200.0,113.26141345522358,28.870210266440804,0.645442216468429,0.01
1800,200.0,115.47284811017049,28.92869283747312,0.6459194745910879,0.01
1810,200.0,117.68234055056492,28.98285353435227,0.6462938212870003,0.01
1820,200.0,119.8879350240075,29.032797940632122,0.646568609785108,0.01
1830,200.0,122.08774959881632,29.07863171269405,0.6467471641402638,0.01
1840,200.0,124.27997523773912,29.12046048027243,0.6468327772338446,0.01
1850,200.0,126.46287483811173,29.158389750577577,0.6468287088747608,0.01
1860,200.0,128.63478224054745,29.192524815974696,0.6467381839989892,0.01
1870,200.0,130.79410120819676,29.22297066517584,0.6465643909657468,0.01
1880,200.0,132.93930437857,29.249831897900037,0.6463104799483939,0.01
1890,200.0,135.0689321898693,29.273212642955336,0.6459795614181398,0.01
1900,200.0,137.18159178373,29.293216479694838,0.6455747047186068,0.01
1910,200.0,139.27595588622447,29.309946362797668,0.6450989367292962,0.01
1920,200.0,141.3507616689348,29.32350455032428,0.6445552406159897,0.01
1930,200.0,143.40480959185493,29.333992534994568,0.6439465546661077,0.01
1940,200.0,145.4369622298347,29.34151097863591,0.6432757712070398,0.01
1950,200.0,147.446143084234,29.346159649747477,0.6425457356054622,0.01
1960,200.0,149.43133538140637,29.348037364126046,0.6417592453456467,0.01
1970,200.0,151.39158085958772,29.347241928497805,0.6409190491847705,0.01
1980,200.0,153.32597854571773,29.34387008709987,0.6400278463832378,0.01
1990,200.0,155.2336835236777,29.338017471154515,0.6390882860080191,0.01
2000,200.0,157.113905695382,29.32977855117854,0.6381029663070301,0.01
2010,200.0,158.96590853611517,29.31924659206965,0.6370744341525667,0.01
2020,200.0,160.78900784546326,29.306513610911317,0.6360051845518317,0.01
2030,200.0,162.58257049514188,29.291670337437104,0.6348976602225862,0.01
2040,200.0,164.3460131749808,29.274806177095197,0.6337542512319793,0.01
2050,200.0,166.07880113828088,29.25600917665363,0.6325772946966174,0.01
2060,200.0,167.7804469477156,29.235365992286464,0.6313690745419478,0.01
2070,200.0,169.45050922290807,29.212961860081027,0.6301318213190463,0.01
2080,200.0,171.0885913907708,29.188880568906345,0.6288677120769162,0.01
2090,200.0,172.6943404396551,29.16320443558282,0.6275788702884203,0.01
2100,200.0,174.26744567831463,29.136014282293214,0.6262673658279903,0.01
2110,200.0,175.80763750064915,29.107389416175188,0.624935214999269,0.01
2120,200.0,177.31468615715178,29.077407611035753,0.6235843806108731,0.01
2130,200.0,178.7884005339465,29.046145091128125,0.6222167720984728,0.01
2140,200.0,180.22862694026165,29.01367651693184,0.6208342456914173,0.01
2150,200.0,181.63524790514873,28.98007497287719,0.6194386046221492,0.01
2160,200.0,183.0081809842166,28.945411956955365,0.6180315993766825,0.01
2170,200.0,184.34737757711645,28.90975737215614,0.6166149279844391,0.01
2180,200.0,185.65282175647434,28.873179519675297,0.6151902363457598,0.01
2190,200.0,186.92452910893414,28.835745093834436,0.6137591185954452,0.01
2200,200.0,188.16254558893854,28.79751917865634,0.6123231175006902,0.01
2210,200.0,189.36694638584106,28.75856524603953,0.6108837248918167,0.01
2220,200.0,190.53783480490878,28.718945155476327,0.6094423821242309,0.01
2230,200.0,191.67534116274308,28.678719155259124,0.6080004805700602,0.01
2240,200.0,192.77962169761238,28.637945885120434,0.606559362137952,0.01
2250,200.0,193.85085749516125,28.59668238025267,0.6051203198195466,0.01
2260,200.0,194.88925342992727,28.554984076654513,0.603684598261167,0.01
2270,200.0,195.89503712306907,28.512904817751284,0.602253394359293,0.01
2280,200.0,196.86845791667852,28.470496862237457,0.6008278578784205,0.01
2290,200.0,197.80978586502124,28.427810893090278,0.5994090920899372,0.01
2300,200.0,198.71931074302307,28.384896027704137,0.5979981544306716,0.01
2310,200.0,199.59734107229087,28.341799829096168,0.596596057179806,0.01
2320,200.0,200.44420316493182,28.298568318134258,0.5952037681528742,0.01
2330,200.0,201.26024018540772,28.255245986739645,0.5938222114115923,0.01
2340,200.0,202.04581123063682,28.211875812016917,0.5924522679883049,0.01
2350,200.0,202.8012904285311,28.16849927126514,0.5910947766238562,0.01
2360,200.0,203.52706605513308,28.12515635782478,0.5897505345177292,0.01
2370,200.0,204.22353967049378,28.081885597715754,0.5884202980893212,0.01
2380,200.0,204.89112527341024,28.03872406702311,0.5871047837492626,0.01
2390,200.0,205.5302484751207,27.995707409987347,0.5858046686797065,0.01
2400,200.0,206.14134569203358,27.952869857757637,0.5845205916225558,0.01
2410,200.0,206.72486335754718,27.91024424776686,0.5832531536746148,0.01
2420,200.0,207.28125715299592,27.867862043688433,0.5820029190886947,0.01
2430,200.0,207.8109912577426,27.825753355935614,0.5807704160797165,0.01
2440,200.0,208.31453761841502,27.783946962665166,0.5795561376349017,0.01
2450,200.0,208.7923752372702,27.742470331247866,0.5783605423271526,0.01
2460,200.0,209.2449894796512,27.701349640169514,0.577184055130769,0.01
2470,200.0,209.67287140048566,27.660609801326817,0.5760270682386646,0.01
2480,200.0,210.07651708975945,27.620274482683612,0.5748899418802842,0.01
2490,200.0,210.4564270368841,27.580366131253612,0.5737730051394425,0.01
2500,200.0,210.813105513862,27.540905996376992,0.5726765567713412,0.01
2510,200.0,211.1470599771396,27.501914153258834,0.5716008660180434,0.01
2520,200.0,211.45880048802576,27.463409526738477,0.5705461734217112,0.01
2530,200.0,211.74883915153964,27.425409915259703,0.569512691634947,0.01
2540,200.0,212.01768957354088,27.387932015012556,0.5685006062275925,0.01
2550,200.0,212.2658663359827,27.350991444218497,0.5675100764893778,0.01
2560,200.0,212.49388449011838,27.31460276753148,0.5665412362278337,0.01
2570,200.0,212.70225906748044,27.278779520528413,0.5655941945609019,0.01
2580,200.0,212.89150460844292,27.243534234263404,0.5646690367037135,0.01
2590,200.0,213.06213470816718,27.208878459860856,0.5637658247490156,0.01
2600,200.0,213.21466157972282,27.174822793123628,0.5628845984407682,0.01
2610,200.0,213.34959563416788,27.14137689913304,0.562025375940439,0.01
2620,200.0,213.4674450773635,27.108549536818533,0.561188154585561,0.01
2630,200.0,213.56871552329224,27.07634858347551,0.5603729116401345,0.01
2640,200.0,213.65390962364108,27.044781059210784,0.5595796050364763,0.01
2650,200.0,213.72352671340502,27.01385315129578,0.5588081741081473,0.01
2660,200.0,213.77806247226047,26.983570238408486,0.5580585403136019,0.01
2670,200.0,213.81800860145233,26.953936914745988,0.5573306079502343,0.01
2680,200.0,213.84385251593426,26.92495701399002,0.5566242648585074,0.01
2690,200.0,213.85607705149573,26.896633633108955,0.5559393831158801,0.01
2700,200.0,213.85516018660667,26.868969155980196,0.5552758197202564,0.01
2710,200.0,213.84157477870585,26.841965276817824,0.5546334172627139,0.01
2720,200.0,213.81578831465586,26.815623023391012,0.5540120045892731,0.01
2730,200.0,213.77826267508476,26.7899427800194,0.5534113974515008,0.01
2740,200.0,213.72945391233162,26.764924310332393,0.5528313991457455,0.01
2750,200.0,213.66981204171074,26.740566779780014,0.5522718011408336,0.01
2760,200.0,213.5997808458078,26.716868777883544,0.5517323836940611,0.01
2770,200.0,213.51979769151913,26.693828340214942,0.5512129164553379,0.01
2780,200.0,213.43029335954384,26.671442970094617,0.5507131590593565,0.01
2790,200.0,213.33169188603836,26.649709659997814,0.550232861705673,0.01
2800,200.0,213.2244104161413,26.628624912660385,0.5497717657266008,0.01
2810,200.0,213.10885906907663,26.608184761875464,0.549329604142836,0.01
2820,200.0,212.9854408145431,26.588384792973056,0.5489061022067465,0.01
2830,200.0,212.8545513600977,26.569220162975128,0.5485009779332651,0.01
2840,200.0,212.71657904924166,26.550685620419447,0.5481139426183533,0.01
2850,200.0,212.57190476991752,26.53277552484582,0.5477447013449981,0.01
2860,200.0,212.4209018731283,26.51548386593903,0.5473929534767316,0.01
2870,200.0,212.26393610138817,26.49880428232326,0.5470583931386683,0.01
2880,200.0,212.10136552671892,26.482730080003282,0.5467407096860649,0.01
2890,200.0,211.93354049790457,26.46725425044819,0.5464395881604244,0.01
2900,200.0,211.76080359672108,26.452369488313924,0.5461547097331703,0.01
2910,200.0,211.58348960285812,26.438068208801354,0.5458857521369349,0.01
2920,200.0,211.40192546725376,26.424342564647066,0.545632390084508,0.01
2930,200.0,211.21643029356315,26.41118446274447,0.5453942956755048,0.01
2940,200.0,211.02731532748714,26.398585580393295,0.5451711387908244,0.01
2950,200.0,210.8348839536877,26.38653738117589,0.5449625874749732,0.01
2960,200.0,210.6394317000205,26.37503113045921,0.5447683083063393,0.01
2970,200.0,210.44124624881832,26.36405791052168,0.5445879667555114,0.01
2980,200.0,210.24060745496104,26.353608635304624,0.5444212275317428,0.01
2990,200.0,210.03778737047264,26.343674064788097,0.54426775491767,0.01
3000,200.0,209.8330502753876,26.33424481899157,0.5441272130923983,0.01
3010,200.0,209.6266527146336,26.325311391600007,0.5439992664430786,0.01
3020,200.0,209.41884354068043,26.3168641632163,0.5438835798651016,0.01
3030,200.0,209.2098639617089,26.30889341424146,0.5437798190510451,0.01
3040,200.0,208.99994759505745,26.301389337383917,0.5436876507685094,0.01
3050,200.0,208.78932052570786,26.29434204979998,0.5436067431269904,0.01
3060,200.0,208.57820136957523,26.287741604867463,0.5435367658339352,0.01
3070,200.0,208.36680134137194,26.28157800359488,0.5434773904401361,0.01
3080,200.0,208.15532432681917,26.27584120566888,0.5434282905746217,0.01
3090,200.0,207.94396695898294,26.270521140142726,0.5433891421692042,0.01
3100,200.0,207.73291869851752,26.26560771576896,0.5433596236728514,0.01
3110,200.0,207.52236191760156,26.26109083097956,0.5433394162560509,0.01
3120,200.0,207.3124719873577,26.256960383517033,0.543328204005339,0.01
3130,200.0,207.10341736855017,26.253206279720313,0.5433256741081705,0.01
3140,200.0,206.89535970535988,26.249818443469106,0.5433315170283017,0.01
3150,200.0,206.68845392204005,26.246786824791016,0.5433454266718759,0.01
3160,200.0,206.48284832226062,26.244101408135467,0.5433671005443832,0.01
3170,200.0,206.27868469095353,26.241752220318915,0.5433962398986852,0.01
3180,200.0,206.07609839847603,26.23972933814584,0.5434325498742869,0.01
3190,200.0,205.87521850691303,26.238022895710163,0.5434757396280424,0.01
3200,200.0,205.67616787834396,26.23662309138193,0.5435255224564854,0.01
3210,200.0,205.47906328490507,26.235520194484064,0.5435816159099682,0.01
3220,200.0,205.28401552048103,26.234704551664304,0.5436437418988025,0.01
3230,200.0,205.09112951386516,26.23416659296737,0.5437116267915914,0.01
3240,200.0,204.90050444323222,26.233896837612548,0.543785001505941,0.01
3250,200.0,204.71223385177083,26.233885899482075,0.5438636015917458,0.01
3260,200.0,204.52640576432876,26.23412449232552,0.5439471673072338,0.01
3270,200.0,204.34310280492704,26.234603434685752,0.5440354436879644,0.01
3280,200.0,204.16240231500453,26.235313654551867,0.5441281806089698,0.01
3290,200.0,203.98437647225782,26.236246193744684,0.5442251328402271,0.01
3300,200.0,203.8090924099467,26.237392212040348,0.5443260600956494,0.01
3310,200.0,203.6366123365383,26.23874299103769,0.5444307270757871,0.01
3320,200.0,203.46699365556898,26.240289937775014,0.5445389035044221,0.01
3330,200.0,203.30028908560575,26.242024588101962,0.5446503641592445,0.01
3340,200.0,203.13654678019338,26.243938609812194,0.544764888896792,0.01
3350,200.0,202.9758104476785,26.24602380554258,0.5448822626718404,0.01
3360,200.0,202.81811947080476,26.24827211544466,0.5450022755514216,0.01
3370,200.0,202.66350902597782,26.250675619634055,0.545124722723652,0.01
3380,200.0,202.51201020210237,26.253226540423622,0.5452494045015502,0.01
3390,200.0,202.3636501188982,26.255917244346037,0.5453761263220188,0.01
3400,200.0,202.2184520446051,26.25874024397148,0.5455046987401647,0.01
3410,200.0,202.07643551299063,26.261688199526223,0.5456349374191329,0.01
3420,200.0,201.937616439579,26.26475392031765,0.5457666631156216,0.01
3430,200.0,201.80200723702183,26.267930365971463,0.5458997016612482,0.01
3440,200.0,201.66961692953643,26.27121064748666,0.5460338839399332,0.01
3450,200.0,201.54045126633983,26.27458802811381,0.5461690458614641,0.01
3460,200.0,201.41451283401074,26.278055924062244,0.5463050283314012,0.01
3470,200.0,201.291801167715,26.2816079050416,0.5464416772174849,0.01
3480,200.0,201.17231286123337,26.285237694643214,0.5465788433127015,0.01
3490,200.0,201.0560416757335,26.288939170566742,0.5467163822951582,0.01
3500,200.0,200.94297864723225,26.292706364697338,0.5468541546849234,0.01
3510,200.0,200.83311219269584,26.296533463038767,0.5469920257979773,0.01
3520,200.0,200.72642821473033,26.300414805507582,0.54712986569742,0.01
3530,200.0,200.62291020481686,26.304344885593622,0.5472675491420793,0.01
3540,200.0,200.5225393450489,26.308318349891923,0.5474049555326628,0.01
3550,200.0,200.42529460833265,26.31232999751107,0.5475419688555846,0.01
3560,200.0,200.33115285701345,26.316374779363006,0.5476784776246097,0.01
3570,200.0,200.24008893989475,26.32044779733915,0.5478143748204408,0.01
3580,200.0,200.1520757876179,26.324544303377756,0.5479495578283824,0.01
3590,200.0,200.06708450637475,26.328659698427163,0.5480839283742045,0.01
3600,200.0,199.98508446992665,26.332789531309714,0.5482173924583325,0.01
3610,200.0,199.90604340990646,26.336929497490914,0.54834986028848,0.01
3620,200.0,199.82992750438262,26.341075437758338,0.5484812462108468,0.01
3630,200.0,199.75670146466612,26.345223336814833,0.5486114686399927,0.01
3640,200.0,199.68632862034417,26.349369321790242,0.5487404499875004,0.01
3650,200.0,199.61877100252653,26.353509660676075,0.5488681165895377,0.01
3660,200.0,199.5539894252918,26.357640760687225,0.5489943986334224,0.01
3670,200.0,199.49194356532422,26.361759166554954,0.5491192300832959,0.01
3680,200.0,199.43259203973255,26.36586155875507,0.5492425486050025,0.01
3690,200.0,199.37589248204537,26.369944751675337,0.5493642954902745,0.01
3700,200.0,199.3218016163783,26.374005691725934,0.5494844155803162,0.01
3710,200.0,199.27027532977093,26.37804145539676,0.5496028571888791,0.01
3720,200.0,199.22126874269304,26.38204924726527,0.5497195720249155,0.01
3730,200.0,199.17473627772102,26.386026397958428,0.5498345151148992,0.01
3740,200.0,199.1306317263873,26.38997036207234,0.5499476447248945,0.01
3750,200.0,199.08890831420715,26.393878716052935,0.5500589222824538,0.01
3760,200.0,199.04951876388878,26.397749156041076,0.5501683122984237,0.01
3770,200.0,199.01241535673398,26.401579495685347,0.5502757822887314,0.01
3780,200.0,198.97754999223793,26.405367663925674,0.5503813026962281,0.01
3790,200.0,198.9448742458984,26.409111702750852,0.5504848468126525,0.01
3800,200.0,198.9143394252454,26.41280976493301,0.5505863907007899,0.01
3810,200.0,198.88589662410422,26.41646011174186,0.550685913116884,0.01
3820,200.0,198.8594967751051,26.420061110641605,0.5507833954333674,0.01
3830,200.0,198.83509070045486,26.423611232973208,0.5508788215619692,0.01
3840,200.0,198.81262916098595,26.427109051624683,0.5509721778772556,0.01
3850,200.0,198.79206290349995,26.43055323869198,0.5510634531406615,0.01
3860,200.0,198.77334270642376,26.433942563132945,0.5511526384250591,0.01
3870,200.0,198.75641942379653,26.437275888416714,0.5512397270399196,0.01
3880,200.0,198.74124402760745,26.440552170170953,0.5513247144571125,0.01
3890,200.0,198.72776764850497,26.443770453829064,0.5514075982373852,0.01
3900,200.0,198.71594161489787,26.44692987227962,0.5514883779575721,0.01
3910,200.0,198.70571749047116,26.450029643520015,0.5515670551385665,0.01
3920,200.0,198.69704711013824,26.453069068316385,0.5516436331741005,0.01
3930,200.0,198.68988261445347,26.456047527871718,0.5517181172603631,0.01
3940,200.0,198.68417648250835,26.45896448150396,0.551790514326497,0.01
3950,200.0,198.67988156333587,26.46181946433591,0.5518608329659997,0.01
3960,200.0,198.67695110584742,26.464612084998638,0.5519290833690675,0.01
3970,200.0,198.67533878732834,26.467342023349936,0.5519952772559006,0.01
3980,200.0,198.67499874051694,26.47000902820947,0.5520594278110048,0.01
3990,200.0,198.67588557929324,26.47261291511207,0.5521215496185092,0.01
4000,200.0,198.67795442300417,26.475153564080514,0.5521816585985246,0.01
4010,200.0,198.68116091945183,26.47763091741923,0.5522397719445626,0.01
4020,200.0,198.68546126657102,26.480044977530127,0.5522959080620351,0.01
4030,200.0,198.6908122328244,26.482395804751807,0.5523500865078528,0.01
4040,200.0,198.69717117634187,26.48468351522325,0.5524023279311354,0.01
4050,200.0,198.70449606283168,26.486908278773097,0.5524526540150538,0.01
4060,200.0,198.7127454822917,26.489070316835512,0.5525010874198089,0.01
4070,200.0,198.72187866454772,26.491169900393615,0.5525476517267659,0.01
4080,200.0,198.73185549364732,26.49320734795134,0.5525923713837508,0.01
4090,200.0,198.74263652113692,26.49518302353459,0.552635271651514,0.01
4100,200.0,198.75418297825001,26.497097334722437,0.552676378551377,0.01
4110,200.0,198.76645678703457,26.49895073070914,0.5527157188140567,0.01
4120,200.0,198.77942057044734,26.500743700397607,0.5527533198296821,0.01
4130,200.0,198.7930376614433,26.502476770524922,0.5527892095989996,0.01
4140,200.0,198.80727211108749,26.50415050382054,0.5528234166857704,0.01
4150,200.0,198.8220886957172,26.50576549719762,0.5528559701703638,0.01
4160,200.0,198.83745292318235,26.507322379977996,0.5528868996045417,0.01
4170,200.0,198.8533310381906,26.508821812151204,0.5529162349674371,0.01
4180,200.0,198.8696900267852,26.510264482667903,0.5529440066227194,0.01
4190,200.0,198.8864976199828,26.511651107768056,0.5529702452769479,0.01
4200,200.0,198.90372229659684,26.512982429344163,0.5529949819391061,0.01
4210,200.0,198.92133328527478,26.514259213339717,0.5530182478813124,0.01
4220,200.0,198.9393005657743,26.51548224818319,0.5530400746006995,0.01
4230,200.0,198.95759486950516,26.516652343257636,0.553060493782459,0.01
4240,200.0,198.97618767936265,26.517770327406037,0.5530795372640396,0.01
4250,200.0,198.9950512288781,26.51883704747251,0.5530972370004912,0.01
4260,200.0,199.01415850071172,26.519853366879403,0.553113625030947,0.01
4270,200.0,199.0334832245127,26.520820164240327,0.5531287334462323,0.01
4280,200.0,199.05299987417172,26.521738332009033,0.553142594357589,0.01
4290,200.0,199.0726836644894,26.522608775164173,0.5531552398665049,0.01
4300,200.0,199.0925105472857,26.523432409929786,0.5531667020356348,0.01
4310,200.0,199.11245720697312,26.52421016253147,0.5531770128608035,0.01
4320,200.0,199.1325010556172,26.52494296798803,0.5531862042440742,0.01
4330,200.0,199.15262022750787,26.52563176893848,0.5531943079678706,0.01
4340,200.0,199.17279357326305,26.526277514504194,0.5532013556701381,0.01
4350,200.0,199.19300065348784,26.52688115918598,0.5532073788205295,0.01
4360,200.0,199.21322173201042,26.527443661795832,0.5532124086976016,0.01
4370,200.0,199.2334377687163,26.527965984423105,0.5532164763670029,0.01
4380,200.0,199.25363041200168,26.528449091434833,0.553219612660644,0.01
4390,200.0,199.273781990867,26.528893948509833,0.5532218481568278,0.01
4400,200.0,199.29387550667013,26.529301521706337,0.5532232131613263,0.01
4410,200.0,199.31389462455982,26.529672776562734,0.5532237376893874,0.01
4420,200.0,199.33382366460813,26.530008677231102,0.5532234514486538,0.01
4430,200.0,199.35364759266082,26.530310185643145,0.553222383822978,0.01
4440,200.0,199.37335201092486,26.53057826070809,0.553220563857115,0.01
4450,200.0,199.39292314830996,26.530813857542217,0.5532180202422767,0.01
4460,200.0,199.41234785054314,26.531017926729472,0.5532147813025261,0.01
4470,200.0,199.43161357007256,26.531191413612856,0.553210874982002,0.01
4480,200.0,199.45070835577786,26.531335257616036,0.5532063288329458,0.01
4490,200.0,199.4696208425033,26.531450391594756,0.5532011700045208,0.01
4500,200.0,199.4883402404298,26.531537741217573,0.553195425232401,0.01
4510,200.0,199.50685632430108,26.531598224375408,0.553189120829114,0.01
4520,200.0,199.52515942251947,26.531632750619448,0.5531822826751175,0.01
4530,200.0,199.54324040612553,26.531642220626892,0.553174936210594,0.01
4540,200.0,199.56109067767636,26.531627525694,0.5531671064279421,0.01
4550,200.0,199.57870216003596,26.531589547255944,0.5531588178649488,0.01
4560,200.0,199.59606728509118,26.531529156433002,0.5531500945986246,0.01
4570,200.0,199.61317898240645,26.531447213602426,0.5531409602396805,0.01
4580,200.0,199.63003066782983,26.5313445679956,0.5531314379276332,0.01
4590,200.0,199.64661623206223,26.53122205731985,0.5531215503265154,0.01
4600,200.0,199.66293002920233,26.531080507404443,0.5531113196211792,0.01
4610,200.0,199.67896686527763,26.530920731870122,0.5531007675141688,0.01
4620,200.0,199.69472198677366,26.530743531821773,0.5530899152231487,0.01
4630,200.0,199.71019106917103,26.53054969556356,0.5530787834788692,0.01
4640,200.0,199.72537020550112,26.530339998336053,0.5530673925236516,0.01
4650,200.0,199.74025589493007,26.530115202074747,0.5530557621103729,0.01
4660,200.0,199.75484503138023,26.529876055189483,0.5530439115019407,0.01
4670,200.0,199.76913489219888,26.52962329236415,0.5530318594712302,0.01
4680,200.0,199.783123126882,26.52935763437623,0.5530196243014778,0.01
4690,200.0,199.79680774586225,26.52907978793549,0.553007223787106,0.01
4700,200.0,199.81018710936848,26.528790445541443,0.5529946752349689,0.01
4710,200.0,199.823259916365,26.528490285358888,0.5529819954659978,0.01
4720,200.0,199.8360251935775,26.528179971111108,0.5529692008172362,0.01
4730,200.0,199.8484822846125,26.527860151990136,0.5529563071442422,0.01
4740,200.0,199.86063083917728,26.527531462583543,0.5529433298238475,0.01
4750,200.0,199.87247080240658,26.527194522817265,0.552930283757257,0.01
4760,200.0,199.88400240430144,26.526849937913916,0.5529171833734703,0.01
4770,200.0,199.89522614928651,26.52649829836609,0.5529040426330171,0.01
4780,200.0,199.9061428058908,26.526140179924095,0.5528908750319839,0.01
4790,200.0,199.91675339655683,26.525776143597678,0.5528776936063249,0.01
4800,200.0,199.9270591875835,26.52540673567118,0.5528645109364384,0.01
4810,200.0,199.93706167920595,26.525032487731643,0.5528513391519965,0.01
4820,200.0,199.94676259581792,26.524653916709408,0.5528381899370146,0.01
4830,200.0,199.95616387633933,26.52427152493066,0.5528250745351485,0.01
4840,200.0,199.96526766473366,26.523885800181475,0.5528120037552029,0.01
4850,200.0,199.9740763006774,26.523497215782932,0.552798987976842,0.01
4860,200.0,199.98259231038568,26.52310623067675,0.5527860371564887,0.01
4870,200.0,199.99081839759629,26.52271328952103,0.5527731608333981,0.01
4880,200.0,199.99875743471455,26.522318822795686,0.5527603681358984,0.01
4890,200.0,200.00641245412214,26.521923246917066,0.5527476677877803,0.01
4900,200.0,200.01378663965087,26.52152696436133,0.5527350681148315,0.01
4910,200.0,200.02088331822418,26.52113036379621,0.5527225770514991,0.01
4920,200.0,200.0277059516678,26.520733820220695,0.5527102021476729,0.01
4930,200.0,200.03425812869045,26.52033769511218,0.5526979505755751,0.01
4940,200.0,200.04054355703684,26.519942336580787,0.5526858291367527,0.01
4950,200.0,200.04656605581275,26.519548079530367,0.5526738442691546,0.01
4960,200.0,200.05232954798433,26.51915524582582,0.5526620020542901,0.01
4970,200.0,200.0578380530511,26.518764144466378,0.5526503082244568,0.01
4980,200.0,200.06309567989396,26.51837507176445,0.5526387681700287,0.01
4990,200.0,200.0681066197979,26.517988311529656,0.5526273869467949,0.01
5000,200.0,200.07287513965,26.517604135257752,0.5526161692833444,0.01
5010,200.0,200.07740557531224,26.517222802324014,0.5526051195884822,0.01
5020,200.0,200.08170232516935,26.51684456018082,0.5525942419586741,0.01
5030,200.0,200.08576984385078,26.516469644559045,0.5525835401855104,0.01
5040,200.0,200.089612636127,26.51609827967298,0.5525730177631804,0.01
5050,200.0,200.09323525097852,26.515730678428444,0.5525626778959508,0.01
5060,200.0,200.09664227583815,26.515367042633788,0.5525525235056431,0.01
5070,200.0,200.09983833100407,26.515007563213484,0.5525425572390986,0.01
5080,200.0,200.10282806422404,26.51465242042404,0.5525327814756293,0.01
5090,200.0,200.10561614544844,26.51430178407192,0.5525231983344461,0.01
5100,200.0,200.10820726175197,26.51395581373324,0.5525138096820588,0.01
5110,200.0,200.1106061124216,26.513614658974916,0.55250461713964,0.01
5120,200.0,200.11281740421003,26.513278459577073,0.5524956220903535,0.01
5130,200.0,200.11484584675267,26.512947345756437,0.5524868256866329,0.01
5140,200.0,200.11669614814656,26.512621438390447,0.5524782288574137,0.01
5150,200.0,200.11837301068965,26.512300849241914,0.5524698323153093,0.01
5160,200.0,200.11988112677832,26.511985681183923,0.5524616365637276,0.01
5170,200.0,200.12122517496135,26.511676028424848,0.5524536419039233,0.01
5180,200.0,200.12240981614832,26.511371976733205,0.5524458484419839,0.01
5190,200.0,200.1234396899704,26.511073603662158,0.552438256095741,0.01
5200,200.0,200.12431941129128,26.510780978773532,0.5524308646016087,0.01
5210,200.0,200.12505356686617,26.510494163861058,0.5524236735213413,0.01
5220,200.0,200.12564671214668,26.510213213172737,0.5524166822487075,0.01
5230,200.0,200.12610336822902,26.50993817363216,0.5524098900160813,0.01
5240,200.0,200.1264280189433,26.50966908505856,0.5524032959009417,0.01
5250,200.0,200.12662510808164,26.50940598038548,0.5523968988322825,0.01
5260,200.0,200.1266990367625,26.509148885877913,0.5523906975969275,0.01
5270,200.0,200.12665416092872,26.508897821347745,0.5523846908457487,0.01
5280,200.0,200.12649478897708,26.508652800367372,0.5523788770997867,0.01
5290,200.0,200.12622517951624,26.50841383048138,0.5523732547562699,0.01
5300,200.0,200.12584953925125,26.508180913416126,0.5523678220945298,0.01
5310,200.0,200.12537202099114,26.507954045287153,0.5523625772818156,0.01
5320,200.0,200.12479672177807,26.50773321680425,0.5523575183789969,0.01
5330,200.0,200.12412768113424,26.507518413474173,0.5523526433461645,0.01
5340,200.0,200.12336887942487,26.50730961580079,0.5523479500481201,0.01
5350,200.0,200.12252423633407,26.507106799482663,0.5523434362597557,0.01
5360,200.0,200.12159760945107,26.506909935607908,0.5523390996713226,0.01
5370,200.0,200.12059279296423,26.506718990846323,0.5523349378935902,0.01
5380,200.0,200.1195135164601,26.50653392763861,0.5523309484628901,0.01
5390,200.0,200.1183634438245,26.50635470438274,0.5523271288460483,0.01
5400,200.0,200.117146172244,26.50618127561728,0.5523234764452045,0.01
5410,200.0,200.11586523130356,26.506013592201697,0.552319988602517,0.01
5420,200.0,200.1145240821793,26.505851601493553,0.552316662604753,0.01
5430,200.0,200.11312611692247,26.50569524752255,0.5523134956877662,0.01
5440,200.0,200.1116746578328,26.505544471161368,0.5523104850408598,0.01
5450,200.0,200.11017295691815,26.505399210293266,0.5523076278110335,0.01
5460,200.0,200.108624195438,26.5052593999764,0.5523049211071205,0.01
5470,200.0,200.1070314835284,26.505124972604822,0.5523023620038071,0.01
5480,200.0,200.10539785990528,26.504995858066167,0.5522999475455426,0.01
5490,200.0,200.10372629164414,26.504871983895935,0.5522976747503329,0.01
5500,200.0,200.10201967403324,26.504753275428413,0.5522955406134255,0.01
5510,200.0,200.10028083049784,26.50463965594419,0.552293542110881,0.01
5520,200.0,200.09851251259306,26.50453104681424,0.5522916762030341,0.01
5530,200.0,200.09671740006291,26.504427367640623,0.5522899398378456,0.01
5540,200.0,200.09489810096312,26.504328536393686,0.5522883299541439,0.01
5550,200.0,200.09305715184496,26.504234469545903,0.5522868434847604,0.01
5560,200.0,200.09119701799838,26.504145082202236,0.552285477359556,0.01
5570,200.0,200.08932009375152,26.504060288227077,0.5522842285083425,0.01
5580,200.0,200.08742870282464,26.503980000367772,0.5522830938636978,0.01
5590,200.0,200.0855250987359,26.503904130374735,0.5522820703636809,0.01
5600,200.0,200.0836114652572,26.503832589118154,0.5522811549544402,0.01
5610,200.0,200.08168991691724,26.503765286701316,0.5522803445927225,0.01
5620,200.0,200.07976249955018,26.503702132570567,0.5522796362482834,0.01
5630,200.0,200.07783119088768,26.503643035621916,0.5522790269061965,0.01
5640,200.0,200.0758979011919,26.50358790430432,0.5522785135690682,0.01
5650,200.0,200.0739644739276,26.503536646719684,0.5522780932591556,0.01
5660,200.0,200.07203268647157,26.50348917071954,0.5522777630203894,0.01
5670,200.0,200.070104250857,26.503445383998553,0.552277519920307,0.01
5680,200.0,200.06818081455097,26.503405194184754,0.5522773610518918,0.01
5690,200.0,200.06626396126322,26.503368508926613,0.552277283535324,0.01
5700,200.0,200.0643552117845,26.503335235976984,0.5522772845196448,0.01
5710,200.0,200.0624560248523,26.50330528327389,0.5522773611843322,0.01
5720,200.0,200.06056779804248,26.503278559018295,0.5522775107407947,0.01
5730,200.0,200.05869186868472,26.503254971748813,0.552277730433779,0.01
5740,200.0,200.05682951480068,26.503234430413414,0.5522780175427001,0.01
5750,200.0,200.05498195606256,26.503216844438196,0.5522783693828893,0.01
5760,200.0,200.05315035477074,26.503202123793244,0.5522787833067657,0.01
5770,200.0,200.0513358168491,26.50319017905563,0.5522792567049302,0.01
5780,200.0,200.04953939285602,26.50318092146957,0.5522797870071873,0.01
5790,200.0,200.04776207900997,26.503174263003853,0.5522803716834929,0.01
5800,200.0,200.04600481822806,26.50317011640649,0.5522810082448313,0.01
5810,200.0,200.04426850117608,26.503168395256736,0.5522816942440232,0.01
5820,200.0,200.04255396732881,26.503169014014443,0.5522824272764667,0.01
5830,200.0,200.04086200603925,26.503171888066845,0.552283204980812,0.01
5840,200.0,200.039193357615,26.503176933772824,0.5522840250395731,0.01
5850,200.0,200.03754871440157,26.503184068504694,0.5522848851796761,0.01
5860,200.0,200.03592872187005,26.50319321068753,0.552285783172949,0.01
5870,200.0,200.0343339797094,26.503204279836147,0.55228671683655,0.01
5880,200.0,200.03276504292086,26.50321719658973,0.552287684033341,0.01
5890,200.0,200.03122242291428,26.503231882744235,0.5522886826722064,0.01
5900,200.0,200.02970658860514,26.50324826128248,0.5522897107083151,0.01
5910,200.0,200.02821796751095,26.503266256402167,0.5522907661433334,0.01
5920,200.0,200.02675694684623,26.503285793541707,0.5522918470255872,0.01
5930,200.0,200.0253238746153,26.503306799404026,0.5522929514501752,0.01
5940,200.0,200.02391906070142,26.503329201978314,0.5522940775590344,0.01
5950,200.0,200.02254277795205,26.50335293055988,0.5522952235409619,0.01
5960,200.0,200.02119526325907,26.503377915768013,0.5522963876315917,0.01
5970,200.0,200.01987671863287,26.503404089562054,0.5522975681133302,0.01
5980,200.0,200.0185873122703,26.50343138525564,0.5522987633152505,0.01
5990,200.0,200.0173271796148,26.503459737529187,0.5522999716129481,0.01
6000,200.0,200.0160964244087,26.503489082440677,0.552301191428359,0.01
6010,200.0,200.01489511973688,26.503519357434794,0.552302421229542,0.01
6020,200.0,200.0137233090609,26.503550501350468,0.5523036595304263,0.01
6030,200.0,200.01258100724317,26.50358245442687,0.5523049048905264,0.01
6040,200.0,200.0114682015604,26.503615158307888,0.5523061559146252,0.01
6050,200.0,200.01038485270632,26.503648556045178,0.552307411252427,0.01
6060,200.0,200.00933089578254,26.503682592099803,0.5523086695981818,0.01
6070,200.0,200.00830624127698,26.503717212342526,0.5523099296902829,0.01
6080,200.0,200.00731077603038,26.503752364052797,0.5523111903108366,0.01
6090,200.0,200.0063443641891,26.503787995916483,0.5523124502852107,0.01
6100,200.0,200.00540684814496,26.5038240580224,0.5523137084815549,0.01
6110,200.0,200.00449804946118,26.503860501857666,0.5523149638103039,0.01
6120,200.0,200.0036177697839,26.503897280301963,0.5523162152236559,0.01
6130,200.0,200.00276579173948,26.503934347620703,0.5523174617150344,0.01
6140,200.0,200.00194187981702,26.50397165945719,0.552318702318529,0.01
6150,200.0,200.0011457812356,26.504009172823793,0.5523199361083215,0.01
6160,200.0,200.00037722679642,26.50404684609216,0.552321162198093,0.01
6170,200.0,199.99963593171915,26.504084638982587,0.5523223797404191,0.01
6180,200.0,199.99892159646282,26.504122512552478,0.5523235879261489,0.01
6190,200.0,199.99823390753048,26.50416042918403,0.5523247859837727,0.01
6200,200.0,199.997572538258,26.50419835257114,0.5523259731787763,0.01
6210,200.0,199.99693714958624,26.504236247705556,0.5523271488129866,0.01
6220,200.0,199.99632739081738,26.504274080862363,0.5523283122239059,0.01
6230,200.0,199.99574290035417,26.504311819584814,0.5523294627840374,0.01
6240,200.0,199.99518330642314,26.50434943266852,0.552330599900204,0.01
6250,200.0,199.99464822778083,26.504386890145078,0.552331723012859,0.01
6260,200.0,199.9941372744034,26.504424163265142,0.5523328315953908,0.01
6270,200.0,199.99365004815968,26.50446122448101,0.5523339251534234,0.01
6280,200.0,199.9931861434671,26.504498047428704,0.5523350032241112,0.01
6290,200.0,199.9927451479315,26.504534606909623,0.5523360653754313,0.01
6300,200.0,199.9923266429695,26.504570878871785,0.5523371112054718,0.01
6310,200.0,199.99193020441476,26.504606840390693,0.5523381403417191,0.01
6320,200.0,199.9915554031073,26.50464246964985,0.5523391524403432,0.01
6330,200.0,199.9912018054663,26.50467774592097,0.5523401471854836,0.01
6340,200.0,199.99086897404618,26.50471264954388,0.5523411242885329,0.01
6350,200.0,199.99055646807682,26.50474716190619,0.5523420834874226,0.01
6360,200.0,199.9902638439867,26.504781265422725,0.5523430245459118,0.01
6370,200.0,199.98999065591022,26.504814943514727,0.5523439472528735,0.01
6380,200.0,199.989736456179,26.50484818058893,0.5523448514215888,0.01
6390,200.0,199.98950079579694,26.50488096201644,0.5523457368890392,0.01
6400,200.0,199.98928322489937,26.50491327411152,0.5523466035152055,0.01
6410,200.0,199.98908329319684,26.504945104110252,0.5523474511823707,0.01
6420,200.0,199.98890055040317,26.50497644014913,0.5523482797944264,0.01
6430,200.0,199.98873454664803,26.505007271243592,0.5523490892761838,0.01
6440,200.0,199.9885848328744,26.505037587266525,0.5523498795726929,0.01
6450,200.0,199.98845096122116,26.505067378926746,0.5523506506485651,0.01
6460,200.0,199.9883324853906,26.505096637747496,0.5523514024873031,0.01
6470,200.0,199.98822896100137,26.505125356044953,0.5523521350906367,0.01
6480,200.0,199.98813994592712,26.505153526906813,0.5523528484778686,0.01
6490,200.0,199.98806500062074,26.50518114417089,0.5523535426852231,0.01
6500,200.0,199.98800368842473,26.505208202403843,0.5523542177652063,0.01
6510,200.0,199.98795557586766,26.50523469687996,0.552354873785974,0.01
6520,200.0,199.98792023294715,26.505260623560094,0.5523555108307052,0.01
6530,200.0,199.98789723339937,26.50528597907068,0.5523561289969873,0.01
6540,200.0,199.98788615495565,26.505310760682956,0.5523567283962094,0.01
6550,200.0,199.98788657958607,26.505334966292263,0.5523573091529642,0.01
6560,200.0,199.9878980937303,26.505358594397592,0.5523578714044586,0.01
6570,200.0,199.98792028851636,26.505381644081254,0.5523584152999363,0.01
6580,200.0,199.987952759967,26.50540411498879,0.5523589410001077,0.01
6590,200.0,199.98799510919403,26.505426007309048,0.552359448676591,0.01
6600,200.0,199.98804694258155,26.50544732175451,0.5523599385113636,0.01
6610,200.0,199.9881078719572,26.505468059541812,0.5523604106962218,0.01
6620,200.0,199.98817751475246,26.505488222372545,0.5523608654322534,0.01
6630,200.0,199.98825549415224,26.50550781241425,0.5523613029293198,0.01
6640,200.0,199.9883414392335,26.50552683228172,0.5523617234055476,0.01
6650,200.0,199.98843498509376,26.50554528501852,0.5523621270868325,0.01
6660,200.0,199.98853577296936,26.5055631740788,0.5523625142063525,0.01
6670,200.0,199.98864345034377,26.505580503309393,0.5523628850040937,0.01
6680,200.0,199.98875767104653,26.505597276932164,0.552363239726384,0.01
6690,200.0,199.9888780953425,26.505613499526678,0.5523635786254413,0.01
6700,200.0,199.9890043900122,26.50562917601317,0.5523639019589295,0.01
6710,200.0,199.98913622842332,26.505644311635766,0.5523642099895273,0.01
6720,200.0,199.98927329059345,26.505658911946075,0.5523645029845071,0.01
6730,200.0,199.98941526324464,26.505672982787022,0.5523647812153248,0.01
6740,200.0,199.98956183984978,26.505686530277064,0.5523650449572209,0.01
6750,200.0,199.98971272067106,26.505699560794657,0.5523652944888326,0.01
6760,200.0,199.989867612791,26.50571208096308,0.5523655300918152,0.01
6770,200.0,199.9900262301358,26.505724097635564,0.5523657520504769,0.01
6780,200.0,199.99018829349208,26.505735617880767,0.5523659606514217,0.01
6790,200.0,199.99035353051616,26.505746648968532,0.5523661561832054,0.01
6800,200.0,199.9905216757371,26.50575719835601,0.5523663389359994,0.01
6810,200.0,199.99069247055323,26.5057672736741,0.5523665092012682,0.01
6820,200.0,199.99086566322237,26.5057768827142,0.552366667271455,0.01
6830,200.0,199.99104100884634,26.50578603341531,0.5523668134396784,0.01
6840,200.0,199.99121826934962,26.50579473385145,0.55236694799944,0.01
6850,200.0,199.9913972134525,26.505802992219397,0.5523670712443401,0.01
6860,200.0,199.9915776166391,26.50581081682679,0.5523671834678074,0.01
6870,200.0,199.9917592611201,26.505818216080502,0.5523672849628343,0.01
6880,200.0,199.99194193579092,26.505825198475378,0.5523673760217241,0.01
6890,200.0,199.99212543618512,26.5058317725833,0.5523674569358488,0.01
6900,200.0,199.99230956442327,26.505837947042547,0.5523675279954148,0.01
6910,200.0,199.99249412915793,26.505843730547497,0.5523675894892383,0.01
6920,200.0,199.99267894551448,26.50584913183864,0.5523676417045313,0.01
6930,200.0,199.99286383502786,26.50585415969292,0.5523676849266959,0.01
6940,200.0,199.99304862557625,26.505858822914348,0.5523677194391261,0.01
6950,200.0,199.99323315131076,26.505863130324997,0.5523677455230228,0.01
6960,200.0,199.9934172525823,26.505867090756254,0.5523677634572126,0.01
6970,200.0,199.99360077586527,26.505870713040377,0.5523677735179785,0.01
6980,200.0,199.99378357367831,26.50587400600237,0.5523677759788974,0.01
6990,200.0,199.9939655045024,26.505876978452157,0.5523677711106871,0.01
7000,200.0,199.99414643269637,26.505879639177067,0.5523677591810603,0.01
7010,200.0,199.9943262284103,26.50588199693455,0.5523677404545873,0.01
7020,200.0,199.99450476749638,26.505884060445254,0.5523677151925668,0.01
7030,200.0,199.99468193141797,26.50588583838634,0.5523676836529028,0.01
7040,200.0,199.99485760715672,26.50588733938509,0.5523676460899916,0.01
7050,200.0,199.99503168711803,26.505888572012786,0.5523676027546125,0.01
7060,200.0,199.99520406903474,26.505889544778885,0.5523675538938304,0.01
7070,200.0,199.99537465586968,26.505890266125398,0.5523674997509004,0.01
7080,200.0,199.99554335571665,26.505890744421617,0.552367440565183,0.01
7090,200.0,199.99571008170048,26.505890987959024,0.552367376572064,0.01
7100,200.0,199.99587475187582,26.505891004946506,0.5523673080028818,0.01
7110,200.0,199.99603728912535,26.50589080350578,0.5523672350848604,0.01
7120,200.0,199.996197621057,26.50589039166708,0.5523671580410492,0.01
7130,200.0,199.99635567990063,26.5058897773651,0.5523670770902681,0.01
7140,200.0,199.99651140240397,26.505888968435123,0.552366992447059,0.01
7150,200.0,199.99666472972862,26.505887972609433,0.5523669043216428,0.01
7160,200.0,199.99681560734516,26.505886797513917,0.5523668129198823,0.01
7170,200.0,199.99696398492858,26.505885450664888,0.5523667184432488,0.01
7180,200.0,199.99710981625327,26.50588393946615,0.5523666210887965,0.01
7190,200.0,199.99725305908828,26.50588227120622,0.5523665210491399,0.01
7200,200.0,199.99739367509244,26.505880453055827,0.5523664185124364,0.01
7210,200.0,199.99753162970975,26.50587849206554,0.5523663136623747,0.01
7220,200.0,199.99766689206533,26.505876395163632,0.5523662066781656,0.01
7230,200.0,199.9977994348612,26.505874169154115,0.5523660977345408,0.01
7240,200.0,199.99792923427316,26.50587182071497,0.5523659870017508,0.01
7250,200.0,199.99805626984755,26.505869356396556,0.5523658746455717,0.01
7260,200.0,199.99818052439912,26.505866782620178,0.552365760827314,0.01
7270,200.0,199.99830198390933,26.50586410567685,0.5523656457038334,0.01
7280,200.0,199.99842063742545,26.50586133172619,0.5523655294275489,0.01
7290,200.0,199.99853647696054,26.505858466795516,0.5523654121464618,0.01
7300,200.0,199.99864949739418,26.505855516779047,0.5523652940041781,0.01
7310,200.0,199.99875969637424,26.505852487437295,0.5523651751399351,0.01
7320,200.0,199.99886707421962,26.505849384396583,0.5523650556886314,0.01
7330,200.0,199.99897163382388,26.505846213148725,0.5523649357808581,0.01
7340,200.0,199.99907338056033,26.50584297905078,0.5523648155429342,0.01
7350,200.0,199.99917232218792,26.505839687325025,0.5523646950969441,0.01
7360,200.0,199.9992684687584,26.505836343058984,0.5523645745607777,0.01
7370,200.0,199.99936183252484,26.50583295120561,0.5523644540481738,0.01
7380,200.0,199.99945242785125,26.50582951658359,0.5523643336687637,0.01
7390,200.0,199.99954027112364,26.505826043877722,0.5523642135281189,0.01
7400,200.0,199.9996253806624,26.50582253763946,0.5523640937278004,0.01
7410,200.0,199.9997077766359,26.505819002287513,0.552363974365409,0.01
7420,200.0,199.99978748097578,26.50581544210857,0.5523638555346386,0.01
7430,200.0,199.99986451729342,26.5058118612581,0.5523637373253301,0.01
7440,200.0,199.99993891079797,26.505808263761274,0.552363619823528,0.01
7450,200.0,200.00001068821587,26.505804653513945,0.5523635031115374,0.01
7460,200.0,200.00007987771187,26.505801034283724,0.552363387267984,0.01
7470,200.0,200.00014650881147,26.505797409711118,0.5523632723678716,0.01
7480,200.0,200.00021061232508,26.505793783310786,0.5523631584826466,0.01
7490,200.0,200.00027222027356,26.505790158472816,0.5523630456802582,0.01
7500,200.0,200.00033136581536,26.505786538464097,0.5523629340252224,0.01
7510,200.0,200.00038808317535,26.50578292642975,0.5523628235786858,0.01
7520,200.0,200.0004424075751,26.50577932539461,0.552362714398491,0.01
7530,200.0,200.0004943751647,26.505775738264802,0.5523626065392427,0.01
7540,200.0,200.00054402295646,26.5057721678293,0.5523625000523722,0.01
7550,200.0,200.00059138875983,26.50576861676161,0.5523623949862063,0.01
7560,200.0,200.00063651111824,26.505765087621455,0.5523622913860334,0.01
7570,200.0,200.0006794292473,26.505761582856508,0.5523621892941708,0.01
7580,200.0,200.00072018297476,26.505758104804187,0.5523620887500337,0.01
7590,200.0,200.00075881268202,26.50575465569346,0.5523619897902022,0.01
7600,200.0,200.00079535924718,26.505751237646706,0.5523618924484908,0.01
7610,200.0,200.00082986398974,26.5057478526816,0.5523617967560154,0.01
7620,200.0,200.00086236861694,26.505744502713007,0.5523617027412627,0.01
7630,200.0,200.0008929151715,26.505741189554936,0.5523616104301583,0.01
7640,200.0,200.00092154598107,26.505737914922495,0.5523615198461341,0.01
7650,200.0,200.00094830360916,26.50573468043387,0.5523614310101983,0.01
7660,200.0,200.00097323080772,26.505731487612326,0.5523613439410007,0.01
7670,200.0,200.0009963704711,26.505728337888215,0.5523612586549024,0.01
7680,200.0,200.00101776559166,26.50572523260101,0.5523611751660422,0.01
7690,200.0,200.00103745921686,26.505722173001313,0.5523610934864032,0.01
7700,200.0,200.00105549440772,26.50571916025295,0.5523610136258793,0.01
7710,200.0,200.00107191419897,26.505716195434992,0.5523609355923422,0.01
7720,200.0,200.0010867615605,26.505713279543798,0.5523608593917053,0.01
7730,200.0,200.00110007936024,26.505710413495088,0.5523607850279894,0.01
7740,200.0,200.00111191032866,26.50570759812601,0.5523607125033871,0.01
7750,200.0,200.00112229702432,26.505704834197175,0.5523606418183261,0.01
7760,200.0,200.0011312818013,26.505702122394723,0.5523605729715328,0.01
7770,200.0,200.0011389067775,26.50569946333236,0.5523605059600933,0.01
7780,200.0,200.0011452138046,26.505696857553396,0.552360440779517,0.01
7790,200.0,200.00115024443926,26.50569430553278,0.5523603774237948,0.01
7800,200.0,200.00115403991555,26.505691807679135,0.552360315885462,0.01
7810,200.0,200.00115664111888,26.50568936433673,0.5523602561556549,0.01
7820,200.0,200.00115808856094,26.50568697578751,0.5523601982241704,0.01
7830,200.0,200.00115842235593,26.505684642253048,0.5523601420795236,0.01
7840,200.0,200.00115768219817,26.50568236389654,0.5523600877090039,0.01
7850,200.0,200.00115590734077,26.505680140824726,0.552360035098731,0.01
7860,200.0,200.00115313657543,26.505677973089842,0.5523599842337091,0.01
7870,200.0,200.0011494082136,26.505675860691507,0.5523599350978817,0.01
7880,200.0,200.00114476006837,26.505673803578635,0.5523598876741833,0.01
7890,200.0,200.00113922943797,26.50567180165128,0.5523598419445918,0.01
7900,200.0,200.0011328530898,26.505669854762505,0.5523597978901796,0.01
7910,200.0,200.00112566724613,26.5056679627202,0.5523597554911635,0.01
7920,200.0,200.0011177075701,26.505666125288858,0.5523597147269526,0.01
7930,200.0,200.0011090091534,26.505664342191388,0.5523596755761975,0.01
7940,200.0,200.0010996065044,26.50566261311083,0.5523596380168367,0.01
7950,200.0,200.00108953353768,26.50566093769209,0.5523596020261414,0.01
7960,200.0,200.00107882356417,26.50565931554364,0.5523595675807618,0.01
7970,200.0,200.00106750928225,26.50565774623917,0.5523595346567698,0.01
7980,200.0,200.0010556227698,26.505656229319253,0.5523595032297024,0.01
7990,200.0,200.00104319547714,26.50565476429293,0.5523594732746029,0.01
8000,200.0,200.00103025822068,26.505653350639314,0.5523594447660614,0.01
8010,200.0,200.00101684117746,26.505651987809124,0.5523594176782549,0.01
8020,200.0,200.00100297388047,26.505650675226214,0.5523593919849846,0.01
8029,200.0,200.00098868521465,26.505649412289074,0.5523593676597156,0.01
8040,200.0,200.00097400341375,26.505648198372292,0.5523593446756112,0.01
8050,200.0,200.00095895605776,26.505647032827977,0.5523593230055694,0.01
8060,200.0,200.00094357007126,26.505645914987156,0.5523593026222567,0.01
8070,200.0,200.0009278717221,26.50564484416117,0.5523592834981421,0.01
8080,200.0,200.000911886621,26.505643819642984,0.5523592656055292,0.01
8090,200.0,200.00089563972168,26.505642840708504,0.5523592489165869,0.01
8100,200.0,200.00087915532148,26.50564190661787,0.5523592334033812,0.01
8109,200.0,200.00086245706294,26.505641016616675,0.5523592190379027,0.01
8120,200.0,200.00084556793522,26.505640169937188,0.5523592057920962,0.01
8130,200.0,200.0008285102769,26.50563936579955,0.5523591936378882,0.01
8140,200.0,200.0008113057786,26.50563860341291,0.5523591825472121,0.01
8150,200.0,200.0007939754865,26.505637881976543,0.5523591724920351,0.01
8160,200.0,200.00077653980608,26.505637200680948,0.5523591634443815,0.01
8170,200.0,200.0007590185066,26.505636558708908,0.5523591553763574,0.01
8180,200.0,200.00074143072575,26.5056359552365,0.5523591482601721,0.01
8189,200.0,200.00072379497468,26.505635389434104,0.5523591420681606,0.01
8200,200.0,200.00070612914362,26.505634860467367,0.552359136772805,0.01
8210,200.0,200.0006884505079,26.50563436749814,0.5523591323467532,0.01
8220,200.0,200.000670775734,26.50563390968537,0.5523591287628385,0.01
8230,200.0,200.00065312088623,26.505633486185985,0.5523591259940988,0.01
8240,200.0,200.00063550143363,26.505633096155748,0.552359124013792,0.01
8250,200.0,200.00061793225728,26.505632738750055,0.5523591227954149,0.01
8260,200.0,200.0006004276575,26.505632413124726,0.5523591223127166,0.01
8270,200.0,200.00058300136186,26.505632118436782,0.5523591225397155,0.01
8280,200.0,200.00056566653305,26.50563185384516,0.5523591234507127,0.01
8290,200.0,200.00054843577712,26.5056316185114,0.5523591250203046,0.01
8300,200.0,200.000531321152,26.505631411600355,0.552359127223397,0.01
8310,200.0,200.000514334176,26.505631232280805,0.5523591300352158,0.01
8320,200.0,200.00049748583663,26.505631079726097,0.5523591334313187,0.01
8330,200.0,200.00048078659975,26.505630953114743,0.5523591373876061,0.01
8340,200.0,200.00046424641857,26.50563085163096,0.5523591418803303,0.01
8350,200.0,200.00044787474303,26.505630774465253,0.5523591468861045,0.01
8360,200.0,200.00043168052912,26.50563072081489,0.5523591523819122,0.01
8370,200.0,200.00041567224844,26.505630689884427,0.5523591583451142,0.01
8380,200.0,200.00039985789795,26.505630680886153,0.5523591647534553,0.01
8390,200.0,200.00038424500949,26.50563069304056,0.5523591715850724,0.01
8400,200.0,200.00036884065977,26.505630725576726,0.5523591788184993,0.01
8410,200.0,200.00035365148005,26.50563077773275,0.5523591864326727,0.01
8420,200.0,200.00033868366623,26.505630848756113,0.5523591944069366,0.01
8430,200.0,200.00032394298873,26.505630937904012,0.5523592027210467,0.01
8440,200.0,200.0003094348024,26.50563104444372,0.5523592113551745,0.01
8450,200.0,200.00029516405672,26.50563116765289,0.5523592202899106,0.01
8460,200.0,200.00028113530567,26.505631306819833,0.5523592295062667,0.01
8470,200.0,200.0002673527178,26.50563146124379,0.5523592389856786,0.01
8480,200.0,200.00025382008627,26.505631630235193,0.5523592487100077,0.01
8490,200.0,200.00024054083892,26.505631813115883,0.5523592586615423,0.01
8500,200.0,200.0002275180481,26.50563200921933,0.552359268822999,0.01
8510,200.0,200.00021475444078,26.505632217890813,0.5523592791775218,0.01
8520,200.0,200.00020225240831,26.50563243848762,0.5523592897086843,0.01
8530,200.0,200.0001900140164,26.505632670379182,0.5523593004004874,0.01
8540,200.0,200.00017804101483,26.50563291294723,0.5523593112373598,0.01
8550,200.0,200.00016633484728,26.505633165585913,0.5523593222041561,0.01
8560,200.0,200.00015489666097,26.505633427701905,0.5523593332861563,0.01
8570,200.0,200.00014372731619,26.50563369871451,0.552359344469063,0.01
8580,200.0,200.0001328273959,26.505633978055737,0.5523593557390003,0.01
8590,200.0,200.0001221972152,26.50563426517034,0.5523593670825105,0.01
8600,200.0,200.00011183683048,26.50563455951591,0.552359378486552,0.01
8610,200.0,200.00010174604884,26.5056348605629,0.5523593899384964,0.01
8620,200.0,200.00009192443713,26.50563516779461,0.5523594014261246,0.01
8630,200.0,200.00008237133102,26.50563548070725,0.5523594129376237,0.01
8640,200.0,200.0000730858439,26.505635798809923,0.5523594244615836,0.01
8650,200.0,200.00006406687558,26.505636121624583,0.5523594359869921,0.01
8660,200.0,200.0000553131212,26.50563644868606,0.5523594475032315,0.01
8670,200.0,200.0000468230796,26.505636779541984,0.5523594590000741,0.01
8680,200.0,200.0000385950617,26.505637113752755,0.5523594704676766,0.01
8690,200.0,200.00003062719898,26.505637450891495,0.5523594818965769,0.01
8700,200.0,200.0000229174515,26.505637790543968,0.5523594932776879,0.01
8710,200.0,200.00001546361594,26.505638132308512,0.5523595046022922,0.01
8720,200.0,200.0000082633336,26.505638475795962,0.5523595158620381,0.01
8730,200.0,200.00000131409794,26.505638820629553,0.5523595270489333,0.01
8740,200.0,199.99999461326243,26.505639166444805,0.5523595381553389,0.01
8750,200.0,199.9999881580478,26.505639512889438,0.552359549173964,0.01
8760,200.0,199.9999819455495,26.505639859623255,0.5523595600978608,0.01
8770,200.0,199.99997597274475,26.505640206318002,0.5523595709204174,0.01
8780,200.0,199.99997023649965,26.505640552657255,0.5523595816353521,0.01
8790,200.0,199.99996473357595,26.50564089833629,0.5523595922367084,0.01
8800,200.0,199.99995946063785,26.50564124306192,0.5523596027188465,0.01
8810,200.0,199.99995441425853,26.50564158655237,0.5523596130764398,0.01
8820,200.0,199.99994959092658,26.505641928537113,0.5523596233044662,0.01
8830,200.0,199.9999449870522,26.505642268756727,0.5523596333982034,0.01
8840,200.0,199.99994059897335,26.505642606962724,0.5523596433532214,0.01
8850,200.0,199.99993642296172,26.50564294291738,0.5523596531653768,0.01
8860,200.0,199.99993245522856,26.50564327639358,0.5523596628308058,0.01
8870,200.0,199.99992869193014,26.505643607174644,0.5523596723459181,0.01
8880,200.0,199.99992512917348,26.50564393505413,0.5523596817073898,0.01
8890,200.0,199.99992176302155,26.50564425983568,0.5523596909121574,0.01
8900,200.0,199.9999185894985,26.505644581332838,0.5523596999574114,0.01
8910,200.0,199.99991560459466,26.505644899368843,0.5523597088405892,0.01
8920,200.0,199.99991280427153,26.505645213776454,0.5523597175593683,0.01
8930,200.0,199.99991018446647,26.50564552439777,0.5523597261116613,0.01
8940,200.0,199.9999077410972,26.505645831084042,0.552359734495608,0.01
8950,200.0,199.99990547006632,26.505646133695453,0.5523597427095691,0.01
8960,200.0,199.99990336726572,26.505646432100953,0.5523597507521202,0.01
8970,200.0,199.99990142858056,26.50564672617805,0.552359758622045,0.01
8980,200.0,199.9998996498933,26.505647015812624,0.5523597663183295,0.01
8990,200.0,199.99989802708768,26.50564730089873,0.5523597738401553,0.01
9000,200.0,199.99989655605236,26.505647581338394,0.552359781186893,0.01
9010,200.0,199.9998952326846,26.50564785704141,0.5523597883580964,0.01
9020,200.0,199.99989405289355,26.505648127925177,0.5523597953534966,0.01
9030,200.0,199.99989301260376,26.50564839391446,0.552359802172995,0.01
9040,200.0,199.99989210775826,26.50564865494122,0.5523598088166579,0.01
9050,200.0,199.99989133432157,26.50564891094441,0.5523598152847109,0.01
9060,200.0,199.9998906882828,26.505649161869783,0.552359821577532,0.01
9070,200.0,199.99989016565826,26.505649407669694,0.5523598276956464,0.01
9080,200.0,199.9998897624942,26.50564964830291,0.5523598336397205,0.01
9090,200.0,199.99988947486943,26.50564988373441,0.5523598394105566,0.01
9100,200.0,199.99988929889764,26.5056501139352,0.5523598450090862,0.01
9110,200.0,199.99988923072976,26.505650338882138,0.5523598504363669,0.01
9120,200.0,199.99988926655612,26.505650558557708,0.5523598556935736,0.01
9130,200.0,199.99988940260863,26.505650772949863,0.5523598607819958,0.01
9140,200.0,199.99988963516253,26.505650982051844,0.5523598657030314,0.01
9150,200.0,199.99988996053855,26.505651185861964,0.5523598704581812,0.01
9160,200.0,199.99989037510434,26.50565138438347,0.5523598750490444,0.01
9170,200.0,199.99989087527635,26.505651577624313,0.552359879477313,0.01
9180,200.0,199.99989145752122,26.505651765597026,0.5523598837447681,0.01
9190,200.0,199.99989211835722,26.505651948318512,0.5523598878532733,0.01
9200,200.0,199.99989285435572,26.505652125809874,0.5523598918047717,0.01
9210,200.0,199.99989366214228,26.505652298096262,0.5523598956012801,0.01
9220,200.0,199.99989453839788,26.505652465206687,0.5523598992448853,0.01
9230,200.0,199.99989547985993,26.505652627173866,0.5523599027377388,0.01
9240,200.0,199.99989648332328,26.505652784034048,0.5523599060820535,0.01
9250,200.0,199.999897545641,26.505652935826884,0.552359909280099,0.01
9260,200.0,199.99989866372533,26.505653082595217,0.5523599123341969,0.01
9270,200.0,199.9998998345482,26.505653224384975,0.5523599152467179,0.01
9280,200.0,199.99990105514198,26.505653361245,0.5523599180200773,0.01
9290,200.0,199.99990232260006,26.505653493226898,0.5523599206567313,0.01
9300,200.0,199.99990363407724,26.505653620384884,0.5523599231591727,0.01
9310,200.0,199.99990498679017,26.505653742775657,0.5523599255299283,0.01
9320,200.0,199.9999063780176,26.505653860458253,0.5523599277715545,0.01
9330,200.0,199.9999078051008,26.50565397349389,0.5523599298866345,0.01
9340,200.0,199.99990926544365,26.50565408194586,0.552359931877775,0.01
9350,200.0,199.99991075651275,26.50565418587938,0.5523599337476017,0.01
9360,200.0,199.99991227583757,26.505654285361462,0.5523599354987585,0.01
9370,200.0,199.9999138210104,26.505654380460797,0.5523599371339021,0.01
9380,200.0,199.99991538968632,26.50565447124763,0.5523599386557005,0.01
9390,200.0,199.99991697958308,26.505654557793626,0.5523599400668301,0.01
9400,200.0,199.99991858848094,26.505654640171773,0.552359941369972,0.01
9410,200.0,199.99992021422247,26.505654718456253,0.5523599425678105,0.01
9420,200.0,199.99992185471234,26.505654792722332,0.5523599436630298,0.01
9430,200.0,199.9999235079169,26.505654863046274,0.5523599446583115,0.01
9440,200.0,199.9999251718639,26.505654929505194,0.5523599455563332,0.01
9450,200.0,199.99992684464218,26.505654992176996,0.5523599463597647,0.01
9460,200.0,199.9999285244009,26.50565505114026,0.5523599470712673,0.01
9470,200.0,199.99993020934957,26.505655106474123,0.5523599476934905,0.01
9480,200.0,199.99993189775708,26.505655158258232,0.5523599482290706,0.01
9490,200.0,199.99993358795138,26.505655206572616,0.5523599486806288,0.01
9500,200.0,199.99993527831882,26.505655251497604,0.5523599490507691,0.01
9510,200.0,199.99993696730357,26.50565529311376,0.5523599493420767,0.01
9520,200.0,199.99993865340699,26.505655331501778,0.5523599495571156,0.01
9530,200.0,199.99994033518684,26.505655366742413,0.5523599496984286,0.01
9540,200.0,199.99994201125662,26.50565539891641,0.5523599497685341,0.01
9550,200.0,199.999943680285,26.50565542810442,0.5523599497699253,0.01
9560,200.0,199.99994534099483,26.505655454386936,0.5523599497050691,0.01
9570,200.0,199.99994699216245,26.505655477844233,0.5523599495764049,0.01
9580,200.0,199.9999486326169,26.505655498556276,0.5523599493863418,0.01
9590,200.0,199.99995026123915,26.505655516602687,0.5523599491372602,0.01
9600,200.0,199.99995187696115,26.50565553206266,0.5523599488315074,0.01
9610,200.0,199.99995347876512,26.505655545014932,0.5523599484713999,0.01
9620,200.0,199.9999550656825,26.505655555537697,0.5523599480592198,0.01
9630,200.0,199.99995663679329,26.505655563708572,0.5523599475972155,0.01
9640,200.0,199.99995819122483,26.505655569604546,0.5523599470876002,0.01
9650,200.0,199.99995972815128,26.50565557330192,0.5523599465325508,0.01
9660,200.0,199.99996124679245,26.505655574876275,0.5523599459342083,0.01
9670,200.0,199.99996274641293,26.505655574402425,0.5523599452946765,0.01
9680,200.0,199.99996422632117,26.50565557195437,0.5523599446160208,0.01
9690,200.0,199.9999656858685,26.505655567605267,0.5523599439002684,0.01
9700,200.0,199.99996712444818,26.505655561427385,0.5523599431494084,0.01
9710,200.0,199.9999685414946,26.505655553492076,0.55235994236539,0.01
9720,200.0,199.99996993648216,26.505655543869732,0.5523599415501227,0.01
9730,200.0,199.9999713089243,26.505655532629778,0.5523599407054766,0.01
9740,200.0,199.99997265837268,26.505655519840616,0.552359939833281,0.01
9750,200.0,199.99997398441613,26.50565550556961,0.5523599389353251,0.01
9760,200.0,199.99997528667967,26.505655489883075,0.5523599380133574,0.01
9770,200.0,199.99997656482358,26.505655472846232,0.5523599370690856,0.01
9780,200.0,199.99997781854253,26.505655454523197,0.5523599361041761,0.01
9790,200.0,199.99997904756447,26.505655434976973,0.5523599351202552,0.01
9800,200.0,199.99998025164982,26.505655414269405,0.5523599341189075,0.01
9810,200.0,199.99998143059037,26.505655392461197,0.5523599331016771,0.01
9820,200.0,199.99998258420857,26.50565536961187,0.5523599320700667,0.01
9830,200.0,199.99998371235637,26.50565534577977,0.5523599310255387,0.01
9840,200.0,199.9999848149144,26.505655321022036,0.5523599299695149,0.01
9850,200.0,199.99998589179106,26.50565529539462,0.5523599289033758,0.01
9860,200.0,199.99998694292162,26.505655268952253,0.5523599278284625,0.01
9870,200.0,199.99998796826716,26.50565524174844,0.5523599267460751,0.01
9880,200.0,199.99998896781392,26.505655213835475,0.5523599256574749,0.01
9890,200.0,199.9999899415722,26.505655185264413,0.5523599245638825,0.01
9900,200.0,199.99999088957563,26.50565515608509,0.55235992346648,0.01
9910,200.0,199.99999181188016,26.505655126346106,0.5523599223664103,0.01
9920,200.0,199.9999927085634,26.505655096094817,0.5523599212647776,0.01
9930,200.0,199.99999357972362,26.505655065377358,0.5523599201626478,0.01
9940,200.0,199.9999944254789,26.505655034238636,0.5523599190610493,0.01
9950,200.0,199.99999524596637,26.505655002722328,0.552359917960973,0.01
9960,200.0,199.99999604134155,26.50565497087089,0.5523599168633725,0.01
9970,200.0,199.9999968117772,26.505654938725552,0.5523599157691651,0.01
9980,200.0,199.99999755746288,26.505654906326342,0.552359914679232,0.01
9990,200.0,199.99999827860393,26.505654873712082,0.5523599135944188,0.01
